year,month,burn_trt,watershed,block,plot,order,family,arthropod_ID,stage,collected,count,litter_trt,plot_trt
2024,8,Unburned,20B,E,2,Hemiptera,Cicadellidae,Hemiptera_Cicadellidae,Adult,Collected,6,absent,control
2024,8,Unburned,20B,E,2,Hymenoptera,Chrysididae,Hymenoptera_Chrysididae,Adult,Collected,1,absent,control
2024,8,Unburned,20B,E,2,Acari,Tetranychidae,Acari_Tetranychidae,Adult,Collected,2,absent,control
2024,8,Unburned,20B,E,2,Orthoptera,Acrididae,Orthoptera_Acrididae,Adult,Observed,1,absent,control
2024,8,Unburned,20B,E,2,Orthoptera,Acrididae,Orthoptera_Acrididae,Adult,Collected,5,absent,control
2024,8,Unburned,20B,E,2,Hemiptera,Dictyopharidae,Hemiptera_Dictyopharidae,Adult,Collected,2,absent,control
2024,8,Unburned,20B,E,2,Hemiptera,Unknown,Hemiptera_Unknown,Adult,Collected,2,absent,control
2024,8,Unburned,20B,E,2,Araneae,Salticidae,Araneae_Salticidae,Adult,Collected,1,absent,control
2024,8,Unburned,20B,E,2,Coleoptera,Chrysomelidae,Coleoptera_Chrysomelidae,Adult,Collected,1,absent,control
2024,8,Unburned,20B,E,2,Orthoptera,Tettigoniidae,Orthoptera_Tettigoniidae,Adult,Collected,1,absent,control
2024,8,Unburned,20B,E,2,Hymenoptera,Bethylidae,Hymenoptera_Bethylidae,Adult,Collected,2,absent,control
2024,8,Unburned,20B,E,2,Hymenoptera,Unknown,Hymenoptera_Unknown,Adult,Collected,1,absent,control
2024,8,Unburned,20B,E,2,Diptera,Culicidae,Diptera_Culicidae,Adult,Collected,2,absent,control
2024,8,Unburned,20B,E,2,Hemiptera,Aphididae,Hemiptera_Aphididae,Adult,Collected,5,absent,control
2024,8,Unburned,20B,E,2,Hymenoptera,Formicidae,Hymenoptera_Formicidae,Adult,Collected,3,absent,control
2024,8,Unburned,20B,E,2,Araneae,Thomisidae,Araneae_Thomisidae,Adult,Collected,2,absent,control
2024,8,Unburned,20B,E,2,Araneae,Thomisidae,Araneae_Thomisidae,Nymph,Collected,1,absent,control
2024,8,Unburned,20B,E,2,Hemiptera,Cicadellidae,Hemiptera_Cicadellidae,Nymph,Collected,1,absent,control
2024,8,Unburned,20B,E,2,Hemiptera,Caliscelidae,Hemiptera_Caliscelidae,Adult,Collected,3,absent,control
2024,8,Unburned,20B,E,2,Hemiptera,Caliscelidae,Hemiptera_Caliscelidae,Nymph,Collected,3,absent,control
2024,8,Unburned,20B,E,2,Hymenoptera,Tenthredinidae,Hymenoptera_Tenthredinidae,Nymph,Collected,1,absent,control
2024,8,Unburned,20B,E,2,Hemiptera,Dictyopharidae,Hemiptera_Dictyopharidae,Adult,Collected,1,absent,control
2024,8,Unburned,20B,E,2,Hemiptera,Reduviidae,Hemiptera_Reduviidae,Nymph,Collected,1,absent,control
2024,8,Unburned,20B,E,5,Hemiptera,Caliscelidae,Hemiptera_Caliscelidae,Adult,Collected,8,present,control
2024,8,Unburned,20B,E,5,Araneae,Thomisidae,Araneae_Thomisidae,Adult,Collected,1,present,control
2024,8,Unburned,20B,E,5,Coleoptera,Chrysomelidae,Coleoptera_Chrysomelidae,Adult,Collected,4,present,control
2024,8,Unburned,20B,E,5,Hemiptera,Cicadellidae,Hemiptera_Cicadellidae,Adult,Collected,12,present,control
2024,8,Unburned,20B,E,5,Coleoptera,Byrrhidae,Coleoptera_Byrrhidae,Adult,Collected,1,present,control
2024,8,Unburned,20B,E,5,Orthoptera,Acrididae,Orthoptera_Acrididae,Adult,Collected,1,present,control
2024,8,Unburned,20B,E,5,Hemiptera,Reduviidae,Hemiptera_Reduviidae,Adult,Collected,4,present,control
2024,8,Unburned,20B,E,5,Hemiptera,Cicadellidae,Hemiptera_Cicadellidae,Nymph,Collected,11,present,control
2024,8,Unburned,20B,E,5,Coleoptera,Curculionidae,Coleoptera_Curculionidae,Adult,Collected,4,present,control
2024,8,Unburned,20B,E,5,Thysanoptera,Aeolothripidae,Thysanoptera_Aeolothripidae,Adult,Collected,1,present,control
2024,8,Unburned,20B,E,5,Coleoptera,Cantharidae,Coleoptera_Cantharidae,Adult,Collected,2,present,control
2024,8,Unburned,20B,E,5,Hemiptera,Tingidae,Hemiptera_Tingidae,Adult,Collected,2,present,control
2024,8,Unburned,20B,E,5,Lepidoptera,Geometridae,Lepidoptera_Geometridae,Adult,Collected,1,present,control
2024,8,Unburned,20B,E,5,Hymenoptera,Ichneumonidae,Hymenoptera_Ichneumonidae,Adult,Collected,1,present,control
2024,8,Unburned,20B,E,5,Araneae,Linyphiidae,Araneae_Linyphiidae,Adult,Collected,5,present,control
2024,8,Unburned,20B,E,5,Diptera,Stratiomyidae,Diptera_Stratiomyidae,Adult,Collected,1,present,control
2024,8,Unburned,20B,E,5,Hymenoptera,Eulophidae,Hymenoptera_Eulophidae,Adult,Collected,2,present,control
2024,8,Unburned,20B,E,5,Hemiptera,Miridae,Hemiptera_Miridae,Adult,Collected,1,present,control
2024,8,Unburned,20B,E,5,Araneae,Araneidae,Araneae_Araneidae,Adult,Collected,1,present,control
2024,8,Unburned,20B,E,5,Hemiptera,Lygaeidae,Hemiptera_Lygaeidae,Adult,Collected,2,present,control
2024,8,Unburned,20B,E,5,Hymenoptera,Chrysididae,Hymenoptera_Chrysididae,Adult,Collected,1,present,control
2024,8,Unburned,20B,E,5,Hemiptera,Tingidae,Hemiptera_Tingidae,Adult,Collected,1,present,control
2024,8,Unburned,20B,E,5,Diptera,Lauxaniidae,Diptera_Lauxaniidae,Nymph,Collected,1,present,control
2024,8,Unburned,20B,D,4,Hemiptera,Dictyopharidae,Hemiptera_Dictyopharidae,Adult,Collected,7,absent,carbon
2024,8,Unburned,20B,D,4,Hymenoptera,Braconidae,Hymenoptera_Braconidae,Adult,Collected,3,absent,carbon
2024,8,Unburned,20B,D,4,Hymenoptera,Unknown,Hymenoptera_Unknown,Adult,Collected,1,absent,carbon
2024,8,Unburned,20B,D,4,Hymenoptera,Thynnidae,Hymenoptera_Thynnidae,Adult,Collected,1,absent,carbon
2024,8,Unburned,20B,D,4,Hemiptera,Caliscelidae,Hemiptera_Caliscelidae,Adult,Collected,1,absent,carbon
2024,8,Unburned,20B,D,4,Coleoptera,Curculionidae,Coleoptera_Curculionidae,Adult,Collected,2,absent,carbon
2024,8,Unburned,20B,D,4,Orthoptera,Gryllidae,Orthoptera_Gryllidae,Nymph,Collected,1,absent,carbon
2024,8,Unburned,20B,D,4,Hemiptera,Cicadellidae,Hemiptera_Cicadellidae,Adult,Collected,14,absent,carbon
2024,8,Unburned,20B,D,4,Coleoptera,Chrysomelidae,Coleoptera_Chyrosomelidae,Adult,Collected,1,absent,carbon
2024,8,Unburned,20B,D,4,Hemiptera,Cicadellidae,Hemiptera_Cicadellidae,Nymph,Collected,5,absent,carbon
2024,8,Unburned,20B,D,4,Hemiptera,Derbidae,Hemiptera_Derbidae,Adult,Collected,1,absent,carbon
2024,8,Unburned,20B,D,4,Hemiptera,Membracidae,Hemiptera_Membracidae,Adult,Collected,2,absent,carbon
2024,8,Unburned,20B,D,4,Hymenoptera,Ichneumonidae,Hymenoptera_Ichneumonidae,Adult,Collected,3,absent,carbon
2024,8,Unburned,20B,D,4,Diptera,Drosophilidae,Diptera_Drosophilidae,Adult,Collected,3,absent,carbon
2024,8,Unburned,20B,D,4,Hymenoptera,Platygastridae,Hymenoptera_Platygastridae,Adult,Collected,4,absent,carbon
2024,8,Unburned,20B,D,4,Hemiptera,Aphididae,Hemiptera_Aphididae,Adult,Collected,1,absent,carbon
2024,8,Unburned,20B,D,4,Diptera,Ulidiidae,Diptera_Ulidiidae,Adult,Collected,1,absent,carbon
2024,8,Unburned,20B,D,4,Araneae,Lycosidae,Araneae_Lycosidae,Adult,Collected,2,absent,carbon
2024,8,Unburned,20B,D,4,Diptera,Syrphidae,Diptera_Syrphidae,Adult,Collected,1,absent,carbon
2024,8,Unburned,20B,D,4,Araneae,Linyphiidae,Araneae_Linyphiidae,Adult,Collected,1,absent,carbon
2024,8,Unburned,20B,D,4,Diptera,Rhagionidae,Diptera_Rhagionidae,Adult,Collected,1,absent,carbon
2024,8,Unburned,20B,E,6,Orthoptera,Acrididae,Orthoptera_Acrididae,Adult,Collected,4,present,carbon
2024,8,Unburned,20B,E,6,Orthoptera,Acrididae,Orthoptera_Acrididae,Nymph,Collected,1,present,carbon
2024,8,Unburned,20B,E,6,Orthoptera,Acrididae,Orthoptera_Acrididae,Nymph,Observed,2,present,carbon
2024,8,Unburned,20B,E,6,Hemiptera,Cicadellidae,Hemiptera_Cicadellidae,Adult,Collected,10,present,carbon
2024,8,Unburned,20B,E,6,Hemiptera,Reduviidae,Hemiptera_Reduviidae,Nymph,Collected,2,present,carbon
2024,8,Unburned,20B,E,6,Coleoptera,Chrysomelidae,Coleoptera_Chrysomelidae,Adult,Collected,5,present,carbon
2024,8,Unburned,20B,E,6,Hemiptera,Achilidae,Hemiptera_Achilidae,Adult,Collected,1,present,carbon
2024,8,Unburned,20B,E,6,Hemiptera,Membracidae,Hemiptera_Membracidae,Nymph,Collected,1,present,carbon
2024,8,Unburned,20B,E,6,Collembola,Entomobryidae,Collembola_Entomobryidae,Adult,Collected,1,present,carbon
2024,8,Unburned,20B,E,6,Hemiptera,Derbidae,Hemiptera_Derbidae,Adult,Collected,1,present,carbon
2024,8,Unburned,20B,E,6,Hemiptera,Phymatidae,Hemiptera_Phymatidae,Adult,Collected,1,present,carbon
2024,8,Unburned,20B,E,6,Araneae,Salticidae,Araneae_Salticidae,Adult,Collected,2,present,carbon
2024,8,Unburned,20B,E,6,Coleoptera,Curculionidae,Coleoptera_Curculionidae,Adult,Collected,1,present,carbon
2024,8,Unburned,20B,E,6,Araneae,Thomisidae,Araneae_Thomisidae,Nymph,Collected,1,present,carbon
2024,8,Unburned,20B,E,6,Hemiptera,Cicadellidae,Hemiptera_Cicadellidae,Nymph,Collected,5,present,carbon
2024,8,Unburned,20B,E,6,Hymenoptera,Ichneumonidae,Hymenoptera_Ichneumonidae,Adult,Collected,6,present,carbon
2024,8,Unburned,20B,E,6,Hymenoptera,Braconidae,Hymenoptera_Braconidae,Adult,Collected,1,present,carbon
2024,8,Unburned,20B,E,6,Hemiptera,Dictyopharidae,Hemiptera_Dictyopharidae,Adult,Collected,1,present,carbon
2024,8,Unburned,20B,E,6,Hymenoptera,Formicidae,Hymenoptera_Formicidae,Adult,Collected,3,present,carbon
2024,8,Unburned,20B,F,1,Coleoptera,Curculionidae,Coleoptera_Curculionidae,Adult,Collected,2,present,nitrogen
2024,8,Unburned,20B,F,1,Hemiptera,Membracidae,Hemiptera_Membracidae,Nymph,Collected,2,present,nitrogen
2024,8,Unburned,20B,F,1,Hemiptera,Cicadellidae,Hemiptera_Cicadellidae,Adult,Collected,2,present,nitrogen
2024,8,Unburned,20B,F,1,Coleoptera,Chrysomelidae,Coleoptera_Chrysomelidae,Adult,Collected,3,present,nitrogen
2024,8,Unburned,20B,F,1,Hemiptera,Derbidae,Hemiptera_Derbidae,Adult,Collected,1,present,nitrogen
2024,8,Unburned,20B,F,1,Hymenoptera,Ichneumonidae,Hymenoptera_Ichneumonidae,Adult,Collected,5,present,nitrogen
2024,8,Unburned,20B,F,1,Diptera,Drosophilidae,Diptera_Drosophilidae,Adult,Collected,1,present,nitrogen
2024,8,Unburned,20B,F,1,Hymenoptera,Formicidae,Hymenoptera_Formicidae,Adult,Collected,1,present,nitrogen
2024,8,Unburned,20B,F,1,Lepidoptera,Crambidae,Lepidoptera_Crabidae,Adult,Collected,1,present,nitrogen
2024,8,Unburned,20B,F,1,Araneae,Thomisidae,Araneae_Thomisidae,Adult,Collected,1,present,nitrogen
2024,8,Unburned,20B,E,1,Orthoptera,Acrididae,Orthoptera_Acrididae,Adult,Observed,3,absent,nitrogen
2024,8,Unburned,20B,E,1,Hemiptera,Acanaloniidae,Hemiptera_Acanaloniidae,Adult,Collected,1,absent,nitrogen
2024,8,Unburned,20B,E,1,Hymenoptera,Formicidae,Hymenoptera_Formicidae,Adult,Collected,4,absent,nitrogen
2024,8,Unburned,20B,E,1,Araneae,Salticidae,Araneae_Salticidae,Adult,Collected,1,absent,nitrogen
2024,8,Unburned,20B,E,1,Hemiptera,Reduviidae,Hemiptera_Reduviidae,Nymph,Collected,3,absent,nitrogen
2024,8,Unburned,20B,E,1,Hemiptera,Caliscelidae,Hemiptera_Caliscelidae,Adult,Collected,5,absent,nitrogen
2024,8,Unburned,20B,E,1,Hemiptera,Cicadellidae,Hemiptera_Cicadellidae,Nymph,Collected,5,absent,nitrogen
2024,8,Unburned,20B,E,1,Hemiptera,Cicadellidae,Hemiptera_Cicadellidae,Adult,Collected,7,absent,nitrogen
2024,8,Unburned,20B,E,1,Hemiptera,Membracidae,Hemiptera_Membracidae,Nymph,Collected,2,absent,nitrogen
2024,8,Unburned,20B,E,1,Hemiptera,Aphididae,Hemiptera_Aphididae,Adult,Collected,3,absent,nitrogen
2024,8,Unburned,20B,E,1,Coleoptera,Mordellidae,Coleoptera_Mordellidae,Adult,Collected,1,absent,nitrogen
2024,8,Unburned,20B,E,1,Hemiptera,Pentatomidae,Hemiptera_Pentatomidae,Adult,Collected,1,absent,nitrogen
2024,8,Unburned,20B,E,1,Hemiptera,Dictyopharidae,Hemiptera_Dictyopharidae,Adult,Collected,3,absent,nitrogen
2024,8,Unburned,20B,E,1,Araneae,Thomisidae,Araneae_Thomisidae,Adult,Collected,2,absent,nitrogen
2024,8,Unburned,20B,E,1,Hymenoptera,Braconidae,Hymenoptera_Braconidae,Adult,Collected,1,absent,nitrogen
2024,8,Unburned,20B,E,1,Araneae,Linyphiidae,Araneae_Linyphiidae,Adult,Collected,2,absent,nitrogen
2024,8,Unburned,20B,E,1,Hymenoptera,Vespidae,Hymenoptera_Vespidae,Adult,Collected,1,absent,nitrogen
2024,8,Unburned,20B,E,1,Diptera,Chloropidae,Diptera_Chloropidae,Adult,Collected,1,absent,nitrogen
2024,8,Unburned,20B,E,1,Hymenoptera,Platygastridae,Hymenoptera_Platygastridae,Adult,Collected,4,absent,nitrogen
2024,8,Unburned,20B,E,1,Acari,Tetranychidae,Acari_Tetranychidae,Adult,Collected,1,absent,nitrogen
2024,8,Unburned,20B,E,1,Hymenoptera,Ichneumonidae,Hymenoptera_Ichneumonidae,Adult,Collected,2,absent,nitrogen
2024,8,Unburned,20B,E,1,Orthoptera,Gryllidae,Orthoptera_Gryllidae,Adult,Collected,1,absent,nitrogen
2024,8,Unburned,20B,D,6,Orthoptera,Acrididae,Orthoptera_Acrididae,Adult,Collected,4,absent,nitrogen
2024,8,Unburned,20B,D,6,Hemiptera,Cicadellidae,Hemiptera_Cicadellidae,Adult,Collected,3,absent,nitrogen
2024,8,Unburned,20B,D,6,Hemiptera,Caliscelidae,Hemiptera_Caliscelidae,Adult,Collected,1,absent,nitrogen
2024,8,Unburned,20B,D,6,Coleoptera,Curculionidae,Coleoptera_Curculionidae,Adult,Collected,1,absent,nitrogen
2024,8,Unburned,20B,D,6,Hymenoptera,Formicidae,Hymenoptera_Formicidae,Adult,Collected,4,absent,nitrogen
2024,8,Unburned,20B,D,6,Hemiptera,Reduviidae,Hemiptera_Reduviidae,Nymph,Collected,1,absent,nitrogen
2024,8,Unburned,20B,D,6,Araneae,Salticidae,Araneae_Salticidae,Adult,Collected,1,absent,nitrogen
2024,8,Unburned,20B,D,6,Araneae,Thomisidae,Araneae_Thomisidae,Adult,Collected,1,absent,nitrogen
2024,8,Unburned,20B,D,6,Araneae,Lycosidae,Araneae_Lycosidae,Adult,Collected,1,absent,nitrogen
2024,8,Unburned,20B,D,6,Acari,Hygrobatidae,Acari_Tetranychidae,Adult,Collected,1,absent,nitrogen
2024,8,Unburned,20B,D,6,Hemiptera,Membracidae,Hemiptera_Membracidae,Nymph,Collected,1,absent,nitrogen
2024,8,Unburned,20B,D,6,Hemiptera,Cicadellidae,Hemiptera_Cicadellidae,Nymph,Collected,1,absent,nitrogen
2024,8,Unburned,20B,F,3,Orthoptera,Acrididae,Orthoptera_Acrididae,,Observed,3,present,carbon
2024,8,Unburned,20B,F,3,Coleoptera,Curculionidae,Coleoptera_Curculionidae,Adult,Collected,6,present,carbon
2024,8,Unburned,20B,F,3,Hemiptera,Cicadellidae,Hemiptera_Cicadellidae,Adult,Collected,9,present,carbon
2024,8,Unburned,20B,F,3,Hemiptera,Dictyopharidae,Hemiptera_Dictyopharidae,Adult,Collected,3,present,carbon
2024,8,Unburned,20B,F,3,Orthoptera,Acrididae,Orthoptera_Acrididae,Adult,Collected,3,present,carbon
2024,8,Unburned,20B,F,3,Hymenoptera,Ichneumonidae,Hymenoptera_Ichneumonidae,Adult,Collected,4,present,carbon
2024,8,Unburned,20B,F,3,Hymenoptera,Braconidae,Hymenoptera_Braconidae,Adult,Collected,1,present,carbon
2024,8,Unburned,20B,F,3,Coleoptera,Chrysomelidae,Coleoptera_Chrysomelidae,Adult,Collected,2,present,carbon
2024,8,Unburned,20B,F,3,Araneae,Linyphiidae,Araneae_Linyphiidae,Adult,Collected,1,present,carbon
2024,8,Unburned,20B,F,3,Hemiptera,Reduviidae,Hemiptera_Reduviidae,Nymph,Collected,1,present,carbon
2024,8,Annual,SpB,F,3,Hemiptera,Cicadellidae,Hemiptera_Cicadellidae,Adult,Collected,8,present,carbon
2024,8,Annual,SpB,F,3,Hemiptera,Cicadellidae,Hemiptera_Cicadellidae,Nymph,Collected,1,present,carbon
2024,8,Annual,SpB,F,3,Hymenoptera,Platygastridae,Hymenoptera_Platygastridae,Adult,Collected,2,present,carbon
2024,8,Annual,SpB,F,3,Hemiptera,Reduviidae,Hemiptera_Reduviidae,Adult,Collected,1,present,carbon
2024,8,Annual,SpB,F,3,Hemiptera,Membracidae,Hemiptera_Membracidae,Nymph,Collected,1,present,carbon
2024,8,Annual,SpB,F,3,Diptera,Asilidae,Diptera_Asilidae,Adult,Collected,1,present,carbon
2024,8,Annual,SpB,F,3,Diptera,Tipulidae,Diptera_Tipulidae,Adult,Collected,1,present,carbon
2024,8,Annual,SpB,F,3,Hemiptera,Lygaeidae,Hemiptera_Lygaeidae,Adult,Collected,1,present,carbon
2024,8,Annual,SpB,F,3,Hymenoptera,Braconidae,Hymenoptera_Braconidae,Adult,Collected,1,present,carbon
2024,8,Annual,SpB,F,3,Hymenoptera,Ceraphronidae,Hymenoptera_Ceraphronidae,Adult,Collected,1,present,carbon
2024,8,Annual,SpB,F,3,Orthoptera,Acrididae,Orthoptera_Acrididae,Adult,Observed,2,present,carbon
2024,8,Annual,SpB,E,6,Hemiptera,Reduviidae,Hemiptera_Reduviidae,Nymph,Collected,2,absent,nitrogen
2024,8,Annual,SpB,E,6,Hemiptera,Dictyopharidae,Hemiptera_Dictyopharidae,Adult,Collected,3,absent,nitrogen
2024,8,Annual,SpB,E,6,Hemiptera,Cicadellidae,Hemiptera_Cicadellidae,Adult,Collected,11,absent,nitrogen
2024,8,Annual,SpB,E,6,Coleoptera,Curculionidae,Coleoptera_Curculionidae,Adult,Collected,2,absent,nitrogen
2024,8,Annual,SpB,E,6,Hemiptera,Cicadellidae,Hemiptera_Cicadellidae,Nymph,Collected,6,absent,nitrogen
2024,8,Annual,SpB,E,6,Orthoptera,Acrididae,Orthoptera_Acrididae,Adult,Collected,1,absent,nitrogen
2024,8,Annual,SpB,E,6,Orthoptera,Acrididae,Orthoptera_Acrididae,Adult,Observed,4,absent,nitrogen
2024,8,Annual,SpB,E,6,Hemiptera,Pentatomidae,Hemiptera_Pentatomidae,Adult,Collected,1,absent,nitrogen
2024,8,Annual,SpB,E,6,Hymenoptera,Formicidae,Hymenoptera_Formicidae,Adult,Collected,2,absent,nitrogen
2024,8,Annual,SpB,E,6,Hemiptera,Blissidae,Hemiptera_Blissidae,Adult,Collected,1,absent,nitrogen
2024,8,Annual,SpB,E,6,Coleoptera,Chrysomelidae,Coleoptera_Chrysomelidae,Adult,Collected,1,absent,nitrogen
2024,8,Annual,SpB,E,6,Hymenoptera,Braconidae,Hymenoptera_Braconidae,Adult,Collected,1,absent,nitrogen
2024,8,Annual,SpB,E,6,Hymenoptera,Ichneumonidae,Hymenoptera_Ichneumonidae,Adult,Collected,2,absent,nitrogen
2024,8,Annual,SpB,E,6,Hymenoptera,Platygastridae,Hymenoptera_Platygastridae,Adult,Collected,1,absent,nitrogen
2024,8,Annual,SpB,E,6,Araneae,Linyphiidae,Araneae_Linyphiidae,Adult,Collected,1,absent,nitrogen
2024,8,Unburned,20B,D,5,Hemiptera,Reduviidae,Hemiptera_Reduviidae,Nymph,Collected,1,absent,control
2024,8,Unburned,20B,D,5,Hemiptera,Cicadellidae,Hemiptera_Cicadellidae,Adult,Collected,2,absent,control
2024,8,Unburned,20B,D,5,Hemiptera,Cicadellidae,Hemiptera_Cicadellidae,Nymph,Collected,1,absent,control
2024,8,Unburned,20B,D,5,Coleoptera,Curculionidae,Coleoptera_Curculionidae,Adult,Collected,1,absent,control
2024,8,Unburned,20B,D,5,Hymenoptera,Ichneumonidae,Hymenoptera_Ichneumonidae,Adult,Collected,3,absent,control
2024,8,Unburned,20B,D,5,Araneae,Linyphiidae,Araneae_Linyphiidae,Adult,Collected,1,absent,control
2024,8,Unburned,20B,D,5,Araneae,Salticidae,Araneae_Salticidae,Adult,Collected,1,absent,control
2024,8,Unburned,20B,D,5,Hemiptera,Geocoridae,Hemiptera_Geocoridae,Adult,Collected,1,absent,control
2024,8,Unburned,20B,D,5,Hemiptera,Tingidae,Hemiptera_Tingidae,Adult,Collected,1,absent,control
2024,8,Annual,SpB,D,6,Hemiptera,Dictyopharidae,Hemiptera_Dictyopharidae,Adult,Collected,2,absent,nitrogen
2024,8,Annual,SpB,D,6,Hemiptera,Reduviidae,Hemiptera_Reduviidae,Nymph,Collected,1,absent,nitrogen
2024,8,Annual,SpB,D,6,Hemiptera,Cicadellidae,Hemiptera_Cicadellidae,Adult,Collected,11,absent,nitrogen
2024,8,Annual,SpB,D,6,Hemiptera,Cicadellidae,Hemiptera_Cicadellidae,Nymph,Collected,6,absent,nitrogen
2024,8,Annual,SpB,D,6,Araneae,Linyphiidae,Araneae_Linyphiidae,Adult,Collected,1,absent,nitrogen
2024,8,Annual,SpB,D,6,Araneae,Thomisidae,Araneae_Thomisidae,Adult,Collected,1,absent,nitrogen
2024,8,Annual,SpB,E,5,Orthoptera,Acrididae,Orthoptera_Acrididae,Adult,Collected,1,absent,control
2024,8,Annual,SpB,E,5,Orthoptera,Acrididae,Orthoptera_Acrididae,Adult,Observed,1,absent,control
2024,8,Annual,SpB,E,5,Hymenoptera,Platygastridae,Hymenoptera_Platygastridae,Adult,Collected,4,absent,control
2024,8,Annual,SpB,E,5,Hemiptera,Cicadellidae,Hemiptera_Cicadellidae,Adult,Collected,3,absent,control
2024,8,Annual,SpB,E,5,Hymenoptera,Formicidae,Hymenoptera_Formicidae,Adult,Collected,2,absent,control
2024,8,Annual,SpB,E,5,Hemiptera,Reduviidae,Hemiptera_Reduviidae,Adult,Collected,1,absent,control
2024,8,Annual,SpB,E,5,Coleoptera,Mordellidae,Coleoptera_Mordellidae,Adult,Collected,2,absent,control
2024,8,Annual,SpB,E,5,Coleoptera,Curculionidae,Coleoptera_Curculionidae,Adult,Collected,4,absent,control
2024,8,Annual,SpB,E,5,Hymenoptera,Braconidae,Hymenoptera_Braconidae,Adult,Collected,1,absent,control
2024,8,Annual,SpB,E,5,Hemiptera,Cixiidae,Hemiptera_Cixiidae,Adult,Collected,1,absent,control
2024,8,Annual,SpB,E,5,Hemiptera,Membracidae,Hemiptera_Membracidae,Nymph,Collected,1,absent,control
2024,8,Annual,SpB,E,5,Coleoptera,Curculionidae,Coleoptera_Curculionidae,Adult,Collected,1,absent,control
2024,8,Annual,SpB,E,5,Araneae,Linyphiidae,Araneae_Linyphiidae,Adult,Collected,1,absent,control
2024,8,Annual,SpB,E,5,Coleoptera,Chrysomelidae,Coleoptera_Chrysomelidae,Adult,Collected,1,absent,control
2024,8,Annual,SpB,E,5,Hemiptera,Caliscelidae,Hemiptera_Caliscelidae,Adult,Collected,1,absent,control
2024,8,Annual,SpB,E,5,Diptera,Scathophagidae,Diptera_Scathophagidae,Adult,Collected,1,absent,control
2024,8,Annual,SpB,E,5,Diptera,Scenopinidae,Diptera_Scenopinidae,Adult,Collected,1,absent,control
2024,8,Annual,SpB,E,5,Hemiptera,Acanaloniidae,Hemiptera_Acanaloniidae,Nymph,Collected,2,absent,control
2024,8,Annual,SpB,E,5,Hemiptera,Dictyopharidae,Hemiptera_Dictyopharidae,Adult,Collected,1,absent,control
2024,8,Annual,SpB,F,2,Orthoptera,Acrididae,Orthoptera_Acrididae,Adult,Observed,2,present,control
2024,8,Annual,SpB,F,2,Hemiptera,Cicadellidae,Hemiptera_Cicadellidae,Adult,Collected,7,present,control
2024,8,Annual,SpB,F,2,Hymenoptera,Platygastridae,Hymenoptera_Platygastridae,Adult,Collected,2,present,control
2024,8,Annual,SpB,F,2,Hymenoptera,Formicidae,Hymenoptera_Formicidae,Adult,Collected,5,present,control
2024,8,Annual,SpB,F,2,Hemiptera,Blissidae,Hemiptera_Blissidae,Adult,Collected,1,present,control
2024,8,Annual,SpB,F,2,Coleoptera,Curculionidae,Coleoptera_Curculionidae,Adult,Collected,1,present,control
2024,8,Annual,SpB,F,2,Coleoptera,Chrysomelidae,Coleoptera_Chrysomelidae,Adult,Collected,1,present,control
2024,8,Annual,SpB,F,2,Hymenoptera,Braconidae,Hymenoptera_Braconidae,Adult,Collected,1,present,control
2024,8,Annual,SpB,F,2,Hemiptera,Aphididae,Hemiptera_Aphididae,Adult,Collected,2,present,control
2024,8,Annual,SpB,D,5,Orthoptera,Acrididae,Orthoptera_Acrididae,Adult,Observed,1,absent,control
2024,8,Annual,SpB,D,5,Hemiptera,Dictyopharidae,Hemiptera_Dictyopharidae,Adult,Collected,1,absent,control
2024,8,Annual,SpB,D,5,Hemiptera,Cicadellidae,Hemiptera_Cicadellidae,Adult,Collected,3,absent,control
2024,8,Annual,SpB,D,5,Hymenoptera,Ichneumonidae,Hymenoptera_Ichneumonidae,Adult,Collected,2,absent,control
2024,8,Annual,SpB,D,5,Hemiptera,Membracidae,Hemiptera_Membracidae,Adult,Collected,1,absent,control
2024,8,Annual,SpB,D,5,Hemiptera,Cicadellidae,Hemiptera_Cicadellidae,Nymph,Collected,3,absent,control
2024,8,Annual,SpB,D,5,Coleoptera,Curculionidae,Coleoptera_Curculionidae,Adult,Collected,1,absent,control
2024,8,Annual,SpB,D,5,Coleoptera,Chrysomelidae,Coleoptera_Chrysomelidae,Adult,Collected,1,absent,control
2024,8,Annual,SpB,D,5,Diptera,Chamaemyiidae,Diptera_Chamaemyiidae,Adult,Collected,1,absent,control
2024,8,Annual,SpB,D,5,Hymenoptera,Thynnidae,Hymenoptera_Thynnidae,Adult,Collected,1,absent,control
2024,8,Annual,SpB,D,1,Coleoptera,Curculionidae,Coleoptera_Curculionidae,Adult,Collected,2,present,carbon
2024,8,Annual,SpB,D,1,Hemiptera,Cicadellidae,Hemiptera_Cicadellidae,Nymph,Collected,4,present,carbon
2024,8,Annual,SpB,D,1,Hemiptera,Cicadellidae,Hemiptera_Cicadellidae,Adult,Collected,6,present,carbon
2024,8,Annual,SpB,D,1,Hemiptera,Membracidae,Hemiptera_Membracidae,Nymph,Collected,1,present,carbon
2024,8,Annual,SpB,D,1,Hymenoptera,Formicidae,Hymenoptera_Formicidae,Adult,Collected,2,present,carbon
2024,8,Annual,SpB,D,1,Hymenoptera,Ichneumonidae,Hymenoptera_Ichneumonidae,Adult,Collected,2,present,carbon
2024,8,Annual,SpB,D,1,Araneae,Salticidae,Areneae_Salticidae,Adult,Collected,1,present,carbon
2024,8,Annual,SpB,D,1,Coleoptera,Chrysomelidae,Coleoptera_Chrysomelidae,Adult,Collected,3,present,carbon
2024,8,Annual,SpB,D,1,Coleoptera,Staphylinidae,Coleoptera_Staphylinidae,Adult,Collected,1,present,carbon
2024,8,Annual,SpB,D,3,Orthoptera,Acrididae,Orthoptera_Acrididae,Adult,Observed,2,present,nitrogen
2024,8,Annual,SpB,D,3,Hemiptera,Cicadellidae,Hemiptera_Cicadellidae,Adult,Collected,3,present,nitrogen
2024,8,Annual,SpB,D,3,Hemiptera,Cicadellidae,Hemiptera_Cicadellidae,Nymph,Collected,2,present,nitrogen
2024,8,Annual,SpB,D,3,Coleoptera,Curculionidae,Coleoptera_Curculionidae,Adult,Collected,1,present,nitrogen
2024,8,Annual,SpB,D,3,Hymenoptera,Ichneumonidae,Hymenoptera_Ichneumonidae,Adult,Collected,3,present,nitrogen
2024,8,Annual,SpB,D,3,Hymenoptera,Thynnidae,Hymenoptera_Thynnidae,Adult,Collected,1,present,nitrogen
2024,8,Annual,SpB,D,4,Hemiptera,Reduviidae,Hemiptera_Reduviidae,Nymph,Collected,1,absent,carbon
2024,8,Annual,SpB,D,4,Hemiptera,Dictyopharidae,Hemiptera_Dictyopharidae,Adult,Collected,1,absent,carbon
2024,8,Annual,SpB,D,4,Hemiptera,Cicadellidae,Hemiptera_Cicadellidae,Adult,Collected,2,absent,carbon
2024,8,Annual,SpB,D,4,Hemiptera,Acanaloniidae,Hemiptera_Acanaloniidae,Adult,Collected,1,absent,carbon
2024,8,Annual,SpB,D,4,Hemiptera,Blissidae,Hemiptera_Blissidae,Adult,Collected,1,absent,carbon
2024,8,Annual,SpB,D,4,Hymenoptera,Ichneumonidae,Hymenoptera_Ichneumonidae,Adult,Collected,1,absent,carbon
2024,8,Annual,SpB,D,4,Hymenoptera,Braconidae,Hymenoptera_Braconidae,Adult,Collected,1,absent,carbon
2024,8,Annual,SpB,D,4,Hemiptera,Aphididae,Hemiptera_Aphididae,Adult,Collected,2,absent,carbon
2024,8,Annual,SpB,E,3,Orthoptera,Acrididae,Orthoptera_Acrididae,Adult,Observed,1,present,nitrogen
2024,8,Annual,SpB,E,3,Hemiptera,Dictyopharidae,Hemiptera_Dictyopharidae,Adult,Collected,1,present,nitrogen
2024,8,Annual,SpB,E,3,Hemiptera,Membracidae,Hemiptera_Membracidae,Nymph,Collected,1,present,nitrogen
2024,8,Annual,SpB,E,3,Hemiptera,Aphididae,Hemiptera_Aphididae,Adult,Collected,1,present,nitrogen
2024,8,Annual,SpB,E,3,Orthoptera,Acrididae,Orthoptera_Acrididae,Adult,Collected,1,present,nitrogen
2024,8,Annual,SpB,E,3,Hemiptera,Cicadellidae,Hemiptera_Cicadellidae,Adult,Collected,2,present,nitrogen
2024,8,Annual,SpB,E,3,Hemiptera,Cicadellidae,Hemiptera_Cicadellidae,Nymph,Collected,8,present,nitrogen
2024,8,Annual,SpB,E,3,Hymenoptera,Braconidae,Hymenoptera_Braconidae,Adult,Collected,2,present,nitrogen
2024,8,Annual,SpB,E,3,Coleoptera,Chrysomelidae,Coleoptera_Chrysomelidae,Adult,Collected,2,present,nitrogen
2024,8,Annual,SpB,E,3,Hemiptera,Nabidae,Hemiptera_Nabidae,Adult,Collected,1,present,nitrogen
2024,8,Annual,SpB,E,3,Coleoptera,Mordellidae,Coleoptera_Mordellidae,Adult,Collected,1,present,nitrogen
2024,8,Annual,SpB,F,4,Orthoptera,Acrididae,Orthoptera_Acrididae,Adult,Observed,3,absent,nitrogen
2024,8,Annual,SpB,F,4,Hemiptera,Cicadellidae,Hemiptera_Cicadellidae,Adult,Collected,6,absent,nitrogen
2024,8,Annual,SpB,F,4,Hemiptera,Miridae,Hemiptera_Miridae,Adult,Collected,1,absent,nitrogen
2024,8,Annual,SpB,F,4,Hymenoptera,Ichneumonidae,Hymenoptera_Ichneumonidae,Adult,Collected,1,absent,nitrogen
2024,8,Annual,SpB,F,4,Hymenoptera,Halictidae,Hymenoptera_Halictidae,Adult,Collected,1,absent,nitrogen
2024,8,Annual,SpB,F,4,Hymenoptera,Braconidae,Hymenoptera_Braconidae,Adult,Collected,2,absent,nitrogen
2024,8,Annual,SpB,F,4,Hemiptera,Cicadellidae,Hemiptera_Cicadellidae,Adult,Collected,1,absent,nitrogen
2024,8,Annual,SpB,F,4,Diptera,Dryomyzidae,Diptera_Dryomyzidae,Adult,Collected,1,absent,nitrogen
2024,8,Annual,SpB,D,2,Hemiptera,Cicadellidae,Hemiptera_Cicadellidae,Adult,Collected,9,present,control
2024,8,Annual,SpB,D,2,Coleoptera,Chrysomelidae,Coleoptera_Chrysomelidae,Adult,Collected,2,present,control
2024,8,Annual,SpB,D,2,Hemiptera,Reduviidae,Hemiptera_Reduviidae,Nymph,Collected,2,present,control
2024,8,Annual,SpB,D,2,Coleoptera,Curculionidae,Coleoptera_Curculionidae,Adult,Collected,3,present,control
2024,8,Annual,SpB,D,2,Hemiptera,Cicadellidae,Hemiptera_Cicadellidae,Nymph,Collected,1,present,control
2024,8,Annual,SpB,D,2,Hymenoptera,Platygastridae,Hymenoptera_Platygastridae,Adult,Collected,1,present,control
2024,8,Annual,SpB,D,2,Diptera,Scatopsidae,Diptera_Scatopsidae,Adult,Collected,1,present,control
2024,8,Annual,SpB,D,2,Hymenoptera,Formicidae,Hymenoptera_Formicidae,Adult,Collected,3,present,control
2024,8,Annual,SpB,D,2,Diptera,Rhagonidae,Diptera_Rhagonidae,Adult,Collected,1,present,control
2024,8,Annual,SpB,E,1,Hemiptera,Cicadellidae,Hemiptera_Cicadellidae,Adult,Collected,4,present,carbon
2024,8,Annual,SpB,E,1,Hemiptera,Blissidae,Hemiptera_Blissidae,Adult,Collected,1,present,carbon
2024,8,Annual,SpB,E,1,Coleoptera,Chrysomelidae,Coleoptera_Chrysomelidae,Adult,Collected,1,present,carbon
2024,8,Annual,SpB,E,1,Hymenoptera,Formicidae,Hymenoptera_Formicidae,Adult,Collected,4,present,carbon
2024,8,Annual,SpB,E,1,Hymenoptera,Braconidae,Hymenoptera_Braconidae,Adult,Collected,2,present,carbon
2024,8,Annual,SpB,E,1,Hemiptera,Cicadellidae,Hemiptera_Cicadellidae,Nymph,Collected,2,present,carbon
2024,8,Annual,SpB,E,1,Hemiptera,Cicadellidae,Hemiptera_Cicadellidae,Adult,Collected,1,present,carbon
2024,8,Annual,SpB,E,1,Hymenoptera,Platygastridae,Hymenoptera_Platygastridae,Adult,Collected,1,present,carbon
2024,8,Annual,SpB,E,1,Hemiptera,Dictyopharidae,Hemiptera_Dictyopharidae,Adult,Collected,3,present,carbon
2024,8,Annual,SpB,E,1,Araneae,Salticidae,Araneae_Salticidae,Adult,Collected,2,present,carbon
2024,8,Annual,SpB,E,1,Thysanoptera,Thripidae,Thysanoptera_Thripidae,Adult,Collected,1,present,carbon
2024,8,Unburned,20B,F,5,Hemiptera,Reduviidae,Hemiptera_Reduviidae,Nymph,Collected,1,absent,control
2024,8,Unburned,20B,F,5,Coleoptera,Mordellidae,Coleoptera_Mordellidae,Adult,Collected,1,absent,control
2024,8,Unburned,20B,F,5,Hemiptera,Cicadellidae,Hemiptera_Cicadellidae,Nymph,Collected,3,absent,control
2024,8,Unburned,20B,F,5,Hemiptera,Cercopidae,Hemiptera_Cercopidae,Adult,Collected,1,absent,control
2024,8,Unburned,20B,F,5,Hemiptera,Aphididae,Hemiptera_Aphididae,Adult,Collected,1,absent,control
2024,8,Unburned,20B,F,5,Coleoptera,Chrysomelidae,Coleoptera_Chrysomelidae,Adult,Collected,1,absent,control
2024,8,Unburned,20B,F,5,Hymenoptera,Ichneumonidae,Hemiptera_Ichneumonidae,Adult,Collected,4,absent,control
2024,8,Unburned,20B,F,5,Diptera,Chamaemyiidae,Diptera_Chamaemyiidae,Adult,Collected,1,absent,control
2024,8,Unburned,20B,F,5,Diptera,Lauxaniidae,Diptera_Lauxaniidae,Adult,Collected,2,absent,control
2024,8,Unburned,20B,F,5,Hemiptera,Membracidae,Hemiptera_Membracidae,Nymph,Collected,1,absent,control
2024,8,Unburned,20B,F,6,Hemiptera,Cicadellidae,Hemiptera_Cicadellidae,Adult,Collected,2,absent,carbon
2024,8,Unburned,20B,F,6,Hymenoptera,Platygastridae,Hymenoptera_Platygastridae,Adult,Collected,1,absent,carbon
2024,8,Unburned,20B,F,6,Hemiptera,Caliscelidae,Hemiptera_Caliscelidae,Adult,Collected,1,absent,carbon
2024,8,Unburned,20B,F,6,Coleoptera,Chrysomelidae,Coleoptera_Chrysomelidae,Adult,Collected,1,absent,carbon
2024,8,Unburned,20B,F,6,Coleoptera,Curculionidae,Coleoptera_Curculionidae,Adult,Collected,1,absent,carbon
2024,8,Annual,SpB,F,6,Hymenoptera,Formicidae,Hymenoptera_Formicidae,Adult,Collected,4,absent,carbon
2024,8,Annual,SpB,F,6,Hemiptera,Cicadellidae,Hemiptera_Cicadellidae,Adult,Collected,2,absent,carbon
2024,8,Annual,SpB,F,6,Hymenoptera,Platygastridae,Hymenoptera_Platygastridae,Adult,Collected,2,absent,carbon
2024,8,Annual,SpB,F,6,Hemiptera,Aphididae,Hemiptera_Aphididae,Adult,Collected,2,absent,carbon
2024,8,Annual,SpB,F,6,Hemiptera,Caliscelidae,Hemiptera_Caliscelidae,Adult,Collected,2,absent,carbon
2024,8,Annual,SpB,F,6,Araneae,Salticidae,Araneae_Salticidae,Adult,Collected,2,absent,carbon
2024,8,Annual,SpB,F,6,Hemiptera,Achilidae,Hemiptera_Achilidae,Adult,Collected,1,absent,carbon
2024,8,Annual,SpB,F,6,Lepidoptera,Crambidae,Lepidoptera_Crambidae,Adult,Collected,1,absent,carbon
2024,8,Annual,SpB,F,6,Diptera,Dryomyzidae,Diptera_Dryomyzidae,Adult,Collected,1,absent,carbon
2024,8,Unburned,20B,D,1,Orthoptera,Acrididae,Orthoptera_Acrididae,Adult,Observed,1,present,carbon
2024,8,Unburned,20B,D,1,Hemiptera,Dictyopharidae,Hemiptera_Dictyopharidae,Adult,Collected,1,present,carbon
2024,8,Unburned,20B,D,1,Coleoptera,Curculionidae,Coleoptera_Curculionidae,Adult,Collected,1,present,carbon
2024,8,Unburned,20B,D,1,Coleoptera,Chrysomelidae,Coleoptera_Chrysomelidae,Adult,Collected,1,present,carbon
2024,8,Unburned,20B,D,1,Hemiptera,Cicadellidae,Hemiptera_Cicadellidae,Adult,Collected,1,present,carbon
2024,8,Unburned,20B,D,1,Hemiptera,Cicadellidae,Hemiptera_Cicadellidae,Nymph,Collected,2,present,carbon
2024,8,Unburned,20B,D,1,Hymenoptera,Formicidae,Hymenoptera_Formicidae,Adult,Collected,5,present,carbon
2024,8,Unburned,20B,D,1,Hymenoptera,Braconidae,Hymenoptera_Braconidae,Adult,Collected,1,present,carbon
2024,8,Unburned,20B,D,1,Hymenoptera,Ichneumonidae,Hymenoptera_Ichneumonidae,Adult,Collected,2,present,carbon
2024,8,Unburned,20B,D,1,Hymenoptera,Platygastridae,Hymenoptera_Platygastridae,Adult,Collected,1,present,carbon
2024,8,Annual,SpB,E,4,Orthoptera,Acrididae,Orthoptera_Acrididae,Adult,Observed,4,absent,carbon
2024,8,Annual,SpB,E,4,Orthoptera,Acrididae,Orthoptera_Acrididae,Adult,Collected,1,absent,carbon
2024,8,Annual,SpB,E,4,Hemiptera,Cicadellidae,Hemiptera_Cicadellidae,Nymph,Collected,1,absent,carbon
2024,8,Annual,SpB,E,4,Hemiptera,Blissidae,Hemiptera_Blissidae,Adult,Collected,2,absent,carbon
2024,8,Annual,SpB,E,4,Hymenoptera,Ichneumonidae,Hymenoptera_Ichneumonidae,Adult,Collected,2,absent,carbon
2024,8,Annual,SpB,E,4,Hymenoptera,Formicidae,Hymenoptera_Formicidae,Adult,Collected,2,absent,carbon
2024,8,Annual,SpB,E,2,Hemiptera,Cicadellidae,Hemiptera_Cicadellidae,Adult,Collected,7,present,control
2024,8,Annual,SpB,E,2,Hemiptera,Reduviidae,Hemiptera_Reduviidae,Nymph,Collected,1,present,control
2024,8,Annual,SpB,E,2,Araneae,Salticidae,Araneae_Salticidae,Adult,Collected,1,present,control
2024,8,Annual,SpB,E,2,Hemiptera,Dictyopharidae,Hemiptera_Dictyopharidae,Adult,Collected,3,present,control
2024,8,Annual,SpB,E,2,Hemiptera,Cicadellidae,Hemiptera_Cicadellidae,Nymph,Collected,3,present,control
2024,8,Annual,SpB,E,2,Hymenoptera,Formicidae,Hymenoptera_Formicidae,Adult,Collected,5,present,control
2024,8,Annual,SpB,E,2,Hymenoptera,Chalcidoidea,Hymenoptera_Chalcidoidea,Adult,Collected,1,present,control
2024,8,Unburned,20B,F,4,Orthoptera,Acrididae,Orthoptera_Acrididae,Adult,Observed,3,absent,nitrogen
2024,8,Unburned,20B,F,4,Hemiptera,Cicadellidae,Hemiptera_Cicadellidae,Adult,Collected,4,absent,nitrogen
2024,8,Unburned,20B,F,4,Hymenoptera,Platygastridae,Hymenoptera_Platygastridae,Adult,Collected,6,absent,nitrogen
2024,8,Unburned,20B,F,4,Hymenoptera,Formicidae,Hymenoptera_Formicidae,Adult,Collected,1,absent,nitrogen
2024,8,Unburned,20B,F,4,Hemiptera,Aphididae,Hemiptera_Aphididae,Adult,Collected,9,absent,nitrogen
2024,8,Annual,SpB,F,1,Orthoptera,Acrididae,Orthoptera_Acrididae,Adult,Observed,2,present,nitrogen
2024,8,Annual,SpB,F,1,Hemiptera,Reduviidae,Hemiptera_Reduviidae,Nymph,Collected,1,present,nitrogen
2024,8,Annual,SpB,F,1,Hymenoptera,Braconidae,Hymenoptera_Braconidae,Adult,Collected,1,present,nitrogen
2024,8,Annual,SpB,F,1,Hemiptera,Cicadellidae,Hemiptera_Cicadellidae,Nymph,Collected,2,present,nitrogen
2024,8,Annual,SpB,F,1,Thysanoptera,Thripidae,Thysanoptera_Thripidae,Adult,Collected,1,present,nitrogen
2024,8,Annual,SpB,F,1,Araneae,Salticidae,Araneae_Salticidae,Adult,Collected,1,present,nitrogen
2024,8,Annual,SpB,F,1,Coleoptera,Curculionidae,Coleoptera_Curculionidae,Adult,Collected,1,present,nitrogen
2024,8,Annual,SpB,F,1,Hemiptera,Cicadellidae,Hemiptera_Cicadellidae,Adult,Collected,1,present,nitrogen
2024,8,Annual,SpB,F,1,Hemiptera,Aphididae,Hemiptera_Aphididae,Adult,Collected,1,present,nitrogen
2024,8,Annual,SpB,F,1,Araneae,Thomisidae,Araneae_Thomisidae,Adult,Collected,1,present,nitrogen
2024,8,Annual,SpB,F,1,Orthoptera,Gryllidae,Orthoptera_Gryllidae,Adult,Collected,1,present,nitrogen
2024,8,Annual,SpB,F,1,Hemiptera,Rhyparochromidae,Hemiptera_Rhyparochromidae,Adult,Collected,1,present,nitrogen
2024,8,Annual,SpB,F,1,Hemiptera,Dictyopharidae,Hemiptera_Dictyopharidae,Adult,Collected,1,present,nitrogen
2024,8,Unburned,20C,B,3,Orthoptera,Acrididae,Orthoptera_Acrididae,Adult,Observed,2,present,nitrogen
2024,8,Unburned,20C,B,3,Hymenoptera,Formicidae,Hymenoptera_Formicidae,Adult,Collected,1,present,nitrogen
2024,8,Unburned,20C,B,3,Hemiptera,Cicadellidae,Hemiptera_Cicadellidae,Adult,Collected,1,present,nitrogen
2024,8,Unburned,20C,B,3,Coleoptera,Chrysomelidae,Coleoptera_Chrysomelidae,Adult,Collected,1,present,nitrogen
2024,8,Unburned,20C,B,3,Hemiptera,Acanaloniidae,Hemiptera_Acanaloniidae,Adult,Collected,1,present,nitrogen
2024,8,Unburned,20C,B,3,Coleoptera,Meloidae,Coleoptera_Meloidae,Adult,Collected,2,present,nitrogen
2024,8,Unburned,20C,B,3,Hymenoptera,Platygastridae,Hymenoptera_Platygastridae,Adult,Collected,1,present,nitrogen
2024,8,Annual,SpB,F,5,Orthoptera,Acrididae,Orthoptera_Acrididae,Adult,Observed,2,absent,control
2024,8,Annual,SpB,F,5,Coleoptera,Curculionidae,Coleoptera_Curculionidae,Adult,Collected,1,absent,control
2024,8,Annual,SpB,F,5,Hemiptera,Cicadellidae,Hemiptera_Cicadellidae,Nymph,Collected,3,absent,control
2024,8,Annual,SpB,F,5,Hemiptera,Cicadellidae,Hemiptera_Cicadellidae,Adult,Collected,2,absent,control
2024,8,Annual,SpB,F,5,Hemiptera,Dictyopharidae,Hemiptera_Dictyopharidae,Adult,Collected,1,absent,control
2024,8,Annual,SpB,F,5,Hymenoptera,Ichneumonidae,Hemiptera_Ichneumonidae,Adult,Collected,2,absent,control
2024,8,Unburned,20C,B,5,Hemiptera,Aphididae,Hemiptera_Aphididae,Adult,Collected,3,absent,control
2024,8,Unburned,20C,B,5,Hemiptera,Dictyopharidae,Hemiptera_Dictyopharidae,Adult,Collected,1,absent,control
2024,8,Unburned,20C,B,5,Hemiptera,Cicadellidae,Hemiptera_Cicadellidae,Nymph,Collected,1,absent,control
2024,8,Unburned,20C,B,5,Hymenoptera,Ichneumonidae,Hymenoptera_Ichneumonidae,Adult,Collected,1,absent,control
2024,8,Unburned,20C,B,5,Hymenoptera,Formicidae,Hymenoptera_Formicidae,Adult,Collected,1,absent,control
2024,8,Unburned,20C,B,5,Coleoptera,Chrysomelidae,Coleoptera_Chrysomelidae,Adult,Collected,1,absent,control
2024,8,Unburned,20C,B,5,Araneae,Salticidae,Araneae_Salticidae,Adult,Collected,1,absent,control
2024,8,Unburned,20C,B,5,Araneae,Thomisidae,Araneae_Thomisidae,Adult,Collected,1,absent,control
2024,8,Unburned,20C,B,5,Hemiptera,Membracidae,Hemiptera_Membracidae,Adult,Collected,2,absent,control
2024,8,Unburned,20C,B,4,Coleoptera,Curculionidae,Coleoptera_Curculionidae,Adult,Collected,4,absent,carbon
2024,8,Unburned,20C,B,4,Hymenoptera,Formicidae,Hymenoptera_Formicidae,Adult,Collected,2,absent,carbon
2024,8,Unburned,20C,B,4,Hemiptera,Cicadellidae,Hemiptera_Cicadellidae,Adult,Collected,5,absent,carbon
2024,8,Unburned,20C,B,4,Diptera,Cecidomyiidae,Diptera_Cecidomyiidae,Adult,Collected,1,absent,carbon
2024,8,Unburned,20C,B,4,Hemiptera,Reduviidae,Hemiptera_Reduviidae,Nymph,Collected,1,absent,carbon
2024,8,Unburned,20C,B,4,Hemiptera,Aphididae,Hemiptera_Aphididae,Adult,Collected,3,absent,carbon
2024,8,Unburned,20C,C,2,Orthoptera,Acrididae,Orthoptera_Acrididae,Adult,Observed,1,absent,control
2024,8,Unburned,20C,C,2,Orthoptera,Acrididae,Orthoptera_Acrididae,Adult,Collected,1,absent,control
2024,8,Unburned,20C,C,2,Diptera,Sepsidae,Diptera_Sepsidae,Adult,Collected,2,absent,control
2024,8,Unburned,20C,C,2,Hymenoptera,Platygastridae,Hymenoptera_Platygastridae,Adult,Collected,1,absent,control
2024,8,Unburned,20C,C,2,Coleoptera,Chrysomelidae,Coleoptera_Chrysomelidae,Adult,Collected,2,absent,control
2024,8,Unburned,20C,C,2,Hemiptera,Cicadellidae,Hemiptera_Cicadellidae,Adult,Collected,2,absent,control
2024,8,Unburned,20C,C,2,Hymenoptera,Formicidae,Hymenoptera_Formicidae,Adult,Collected,2,absent,control
2024,8,Unburned,20C,C,2,Coleoptera,Curculionidae,Coleoptera_Curculionidae,Adult,Collected,1,absent,control
2024,8,Unburned,20C,B,6,Orthoptera,Acrididae,Orthoptera_Acrididae,Adult,Observed,2,absent,nitrogen
2024,8,Unburned,20C,B,6,Orthoptera,Acrididae,Orthoptera_Acrididae,Adult,Collected,2,absent,nitrogen
2024,8,Unburned,20C,B,6,Hemiptera,Membracidae,Hemiptera_Membracidae,Nymph,Collected,1,absent,nitrogen
2024,8,Unburned,20C,B,6,Hemiptera,Cicadellidae,Hemiptera_Cicadellidae,Adult,Collected,3,absent,nitrogen
2024,8,Unburned,20C,B,6,Hemiptera,Aphididae,Hemiptera_Aphididae,Adult,Collected,2,absent,nitrogen
2024,8,Unburned,20C,B,6,Hemiptera,Cicadellidae,Hemiptera_Cicadellidae,Nymph,Collected,1,absent,nitrogen
2024,8,Unburned,20C,B,6,Araneae,Salticidae,Araneae_Salticidae,Adult,Collected,1,absent,nitrogen
2024,8,Unburned,20C,B,6,Hemiptera,Reduviidae,Hemiptera_Reduviidae,Nymph,Collected,1,absent,nitrogen
2024,8,Unburned,20C,B,6,Hemiptera,Dictyopharidae,Hemiptera_Dictyopharidae,Adult,Collected,1,absent,nitrogen
2024,8,Unburned,20C,B,6,Hymenoptera,Braconidae,Hymenoptera_Braconidae,Adult,Collected,1,absent,nitrogen
2024,8,Unburned,20C,B,6,Hemiptera,Kinnaridae,Hemiptera_Kinnaridae,Adult,Collected,1,absent,nitrogen
2024,8,Unburned,20B,D,3,Orthoptera,Acrididae,Orthoptera_Acrididae,Adult,Observed,2,present,nitrogen
2024,8,Unburned,20B,D,3,Coleoptera,Chrysomelidae,Coleoptera_Chrysomelidae,Adult,Collected,3,present,nitrogen
2024,8,Unburned,20B,D,3,Coleoptera,Curculionidae,Coleoptera_Curculionidae,Adult,Collected,1,present,nitrogen
2024,8,Unburned,20B,D,3,Hymenoptera,Ichneumonidae,Hymenoptera_Ichneumonidae,Adult,Collected,1,present,nitrogen
2024,8,Unburned,20B,D,3,Hemiptera,Cicadellidae,Hemiptera_Cicadellidae,Nymph,Collected,3,present,nitrogen
2024,8,Unburned,20B,D,3,Hymenoptera,Braconidae,Hymenoptera_Braconidae,Adult,Collected,1,present,nitrogen
2024,8,Unburned,20B,D,3,Hymenoptera,Formicidae,Hymenoptera_Formicidae,Adult,Collected,2,present,nitrogen
2024,8,Unburned,20B,D,3,Hemiptera,Cicadellidae,Hemiptera_Cicadellidae,Adult,Collected,1,present,nitrogen
2024,8,Unburned,20B,D,3,Araneae,Salticidae,Araneae_Salticidae,Adult,Collected,1,present,nitrogen
2024,8,Unburned,20B,D,3,Hemiptera,Aphididae,Hemiptera_Aphididae,Adult,Collected,1,present,nitrogen
2024,8,Unburned,20B,D,2,Hemiptera,Cicadellidae,Hemiptera_Cicadellidae,Nymph,Collected,2,present,control
2024,8,Unburned,20B,D,2,Coleoptera,Chrysomelidae,Coleoptera_Chrysomelidae,Adult,Collected,1,present,control
2024,8,Unburned,20B,D,2,Hymenoptera,Ichneumonidae,Hymenoptera_Ichneumonidae,Adult,Collected,1,present,control
2024,8,Unburned,20B,D,2,Hymenoptera,Formicidae,Hymenoptera_Formicidae,Adult,Collected,1,present,control
2024,8,Unburned,20B,D,2,Araneae,Salticidae,Araneae_Salticidae,Adult,Collected,2,present,control
2024,8,Unburned,20B,D,2,Araneae,Thomisidae,Araneae_Thomisidae,Adult,Collected,1,present,control
2024,8,Unburned,20B,D,2,Hymenoptera,Platygastridae,Hymenoptera_Platygastridae,Adult,Collected,1,present,control
2024,8,Annual,1D,C,5,Orthoptera,Acrididae,Orthoptera_Acrididae,Adult,Observed,2,present,control
2024,8,Annual,1D,C,5,Orthoptera,Acrididae,Orthoptera_Acrididae,Adult,Collected,1,present,control
2024,8,Annual,1D,C,5,Hemiptera,Cicadellidae,Hemiptera_Cicadellidae,Nymph,Collected,1,present,control
2024,8,Annual,1D,C,5,Hymenoptera,Formicidae,Hymenoptera_Formicidae,Adult,Collected,3,present,control
2024,8,Annual,1D,C,5,Hemiptera,Blissidae,Hemiptera_Blissidae,Adult,Collected,2,present,control
2024,8,Annual,1D,C,5,Hymenoptera,Braconidae,Hymenoptera_Braconidae,Adult,Collected,1,present,control
2024,8,Annual,1D,C,5,Hemiptera,Aphididae,Hemiptera_Aphididae,Adult,Collected,1,present,control
2024,8,Annual,1D,C,5,Diptera,Chamaemyiidae,Diptera_Chamaemyiidae,Adult,Collected,1,present,control
2024,8,Annual,1D,C,5,Diptera,Culicidae,Diptera_Culicidae,Adult,Collected,1,present,control
2024,8,Annual,1D,C,5,Hymenoptera,Ichneumonidae,Hymenoptera_Ichneumonidae,Adult,Collected,1,present,control
2024,8,Unburned,20C,C,5,Orthoptera,Acrididae,Orthoptera_Acrididae,Adult,Collected,1,present,control
2024,8,Unburned,20C,C,5,Orthoptera,Acrididae,Orthoptera_Acrididae,Adult,Observed,2,present,control
2024,8,Unburned,20C,C,5,Hemiptera,Dictyopharidae,Hemiptera_Dictyopharidae,Adult,Collected,1,present,control
2024,8,Unburned,20C,C,5,Coleoptera,Chrysomelidae,Coleoptera_Chrysomelidae,Adult,Collected,2,present,control
2024,8,Unburned,20C,C,5,Araneae,Salticidae,Araneae_Salticidae,Adult,Collected,1,present,control
2024,8,Unburned,20C,C,5,Coleoptera,Curculionidae,Coleoptera_Curculionidae,Adult,Collected,1,present,control
2024,8,Unburned,20C,C,5,Hemiptera,Cicadellidae,Hemiptera_Cicadellidae,Adult,Collected,2,present,control
2024,8,Unburned,20C,C,5,Hemiptera,Cicadellidae,Hemiptera_Cicadellidae,Nymph,Collected,1,present,control
2024,8,Unburned,20C,C,5,Hymenoptera,Formicidae,Hymenoptera_Formicidae,Adult,Collected,2,present,control
2024,8,Unburned,20C,C,5,Hymenoptera,Ichneumonidae,Hymenoptera_Ichneumonidae,Adult,Collected,2,present,control
2024,8,Unburned,20C,C,5,Araneae,Thomisidae,Araneae_Thomisidae,Adult,Collected,1,present,control
2024,8,Unburned,20C,C,5,Hymenoptera,Braconidae,Hymenoptera_Braconidae,Adult,Collected,1,present,control
2024,8,Unburned,20C,C,5,Diptera,Sepsidae,Diptera_Sepsidae,Adult,Collected,1,present,control
2024,8,Unburned,20C,A,3,Orthoptera,Acrididae,Orthoptera_Acrididae,Adult,Observed,3,absent,nitrogen
2024,8,Unburned,20C,A,3,Orthoptera,Acrididae,Orthoptera_Acrididae,Adult,Collected,1,absent,nitrogen
2024,8,Unburned,20C,A,3,Hemiptera,Cicadellidae,Hemiptera_Cicadellidae,Adult,Collected,2,absent,nitrogen
2024,8,Unburned,20C,A,3,Coleoptera,Chrysomelidae,Coleoptera_Chrysomelidae,Adult,Collected,1,absent,nitrogen
2024,8,Unburned,20C,A,3,Hymenoptera,Platygastridae,Hymenoptera_Platygastridae,Adult,Collected,2,absent,nitrogen
2024,8,Unburned,20C,A,3,Diptera,Sepsidae,Diptera_Sepsidae,Adult,Collected,1,absent,nitrogen
2024,8,Unburned,20C,A,3,Coleoptera,Curculionidae,Coleoptera_Curculionidae,Adult,Collected,1,absent,nitrogen
2024,8,Unburned,20C,A,3,Hemiptera,Reduviidae,Hemiptera_Reduviidae,Adult,Collected,1,absent,nitrogen
2024,8,Unburned,20C,A,3,Hemiptera,Reduviidae,Hemiptera_Reduviidae,Nymph,Collected,1,absent,nitrogen
2024,8,Unburned,20C,A,3,Hymenoptera,Formicidae,Hymenoptera_Formicidae,Adult,Collected,2,absent,nitrogen
2024,8,Unburned,20C,A,3,Araneae,Thomisidae,Araneae_Thomisidae,Adult,Collected,1,absent,nitrogen
2024,8,Unburned,20C,A,3,Hymenoptera,Braconidae,Hymenoptera_Braconidae,Adult,Collected,1,absent,nitrogen
2024,8,Unburned,20C,A,3,Thysanoptera,Thripidae,Thysanoptera_Thripidae,Adult,Collected,1,absent,nitrogen
2024,8,Unburned,20C,C,3,Orthoptera,Acrididae,Orthoptera_Acrididae,Adult,Collected,3,absent,carbon
2024,8,Unburned,20C,C,3,Coleoptera,Mordellidae,Coleoptera_Mordellidae,Adult,Collected,1,absent,carbon
2024,8,Unburned,20C,C,3,Hemiptera,Dictyopharidae,Hemiptera_Dictyopharidae,Adult,Collected,1,absent,carbon
2024,8,Unburned,20C,C,3,Hemiptera,Cicadellidae,Hemiptera_Cicadellidae,Adult,Collected,2,absent,carbon
2024,8,Unburned,20C,C,3,Lepidoptera,Crambidae,Lepidoptera_Crambidae,Adult,Collected,1,absent,carbon
2024,8,Unburned,20C,C,3,Hemiptera,Caliscelidae,Hemiptera_Caliscelidae,Adult,Collected,1,absent,carbon
2024,8,Unburned,20C,C,3,Diptera,Asilidae,Diptera_Asilidae,Adult,Collected,1,absent,carbon
2024,8,Unburned,20C,C,3,Diptera,Syrphidae,Diptera_Syrphidae,Adult,Collected,1,absent,carbon
2024,8,Unburned,20C,A,6,Orthoptera,Acrididae,Orthoptera_Acrididae,Adult,Observed,4,present,nitrogen
2024,8,Unburned,20C,A,6,Hemiptera,Pentatomidae,Hemiptera_Pentatomidae,Adult,Collected,1,present,nitrogen
2024,8,Unburned,20C,A,6,Hemiptera,Cicadellidae,Hemiptera_Cicadellidae,Adult,Collected,1,present,nitrogen
2024,8,Unburned,20C,A,6,Hemiptera,Reduviidae,Hemiptera_Reduviidae,Nymph,Collected,2,present,nitrogen
2024,8,Unburned,20C,A,6,Hymenoptera,Formicidae,Hymenoptera_Formicidae,Adult,Collected,1,present,nitrogen
2024,8,Unburned,20C,A,6,Coleoptera,Chrysomelidae,Coleoptera_Chrysomelidae,Adult,Collected,1,present,nitrogen
2024,8,Unburned,20C,A,6,Diptera,Clusiidae,Diptera_Culsiidae,Adult,Collected,1,present,nitrogen
2024,8,Unburned,20C,A,6,Hymenoptera,Crabronidae,Hymenoptera_Crabronidae,Adult,Collected,1,present,nitrogen
2024,8,Unburned,20C,A,6,Hemiptera,Cicadellidae,Hemiptera_Cicadellidae,Nymph,Collected,2,present,nitrogen
2024,8,Unburned,20C,A,6,Hemiptera,Caliscelidae,Hemiptera_Caliscelidae,Adult,Collected,1,present,nitrogen
2024,8,Unburned,20C,A,6,Thysanoptera,Aeolothripidae,Thysanoptera_Aeolothripidae,Adult,Collected,1,present,nitrogen
2024,8,Unburned,20C,A,6,Araneae,Theridiidae,Araneae_Theridiidae,Adult,Collected,1,present,nitrogen
2024,8,Unburned,20C,A,6,Lepidoptera,Crambidae,Lepidoptera_Crambidae,Adult,Collected,1,present,nitrogen
2024,8,Unburned,20C,C,4,Hymenoptera,Formicidae,Hymenoptera_Formicidae,Adult,Collected,2,present,nitrogen
2024,8,Unburned,20C,C,4,Hemiptera,Aphididae,Hemiptera_Aphididae,Adult,Collected,1,present,nitrogen
2024,8,Unburned,20C,C,4,Orthoptera,Acrididae,Orthoptera_Acrididae,Adult,Observed,1,present,nitrogen
2024,8,Unburned,20C,C,4,Orthoptera,Acrididae,Orthoptera_Acrididae,Adult,Collected,1,present,nitrogen
2024,8,Unburned,20C,C,4,Coleoptera,Curculionidae,Coleoptera_Curculionidae,Adult,Collected,1,present,nitrogen
2024,8,Unburned,20C,C,4,Hemiptera,Cicadellidae,Hemiptera_Cicadellidae,Adult,Collected,1,present,nitrogen
2024,8,Unburned,20C,C,4,Hymenoptera,Ichneumonidae,Hymenoptera_Ichneumonidae,Adult,Collected,1,present,nitrogen
2024,8,Unburned,20C,C,4,Diptera,Sepsidae,Diptera_Sepsidae,Adult,Collected,1,present,nitrogen
2024,8,Unburned,20C,C,4,Diptera,Syrphidae,Diptera_Syrphidae,Adult,Collected,1,present,nitrogen
2024,8,Unburned,20C,C,4,Hemiptera,Rhopalidae,Hemiptera_Rhopalidae,Adult,Collected,1,present,nitrogen
2024,8,Unburned,20C,C,4,Hemiptera,Dictyopharidae,Hemiptera_Dictyopharidae,Adult,Collected,1,present,nitrogen
2024,8,Unburned,20C,A,2,Orthoptera,Acrididae,Orthoptera_Acrididae,Nymph,Collected,1,absent,control
2024,8,Unburned,20C,A,2,Orthoptera,Acrididae,Orthoptera_Acrididae,Adult,Observed,2,absent,control
2024,8,Unburned,20C,A,2,Hymenoptera,Ichneumonidae,Hymenoptera_Ichneumonidae,Adult,Collected,1,absent,control
2024,8,Unburned,20C,A,2,Hemiptera,Cicadellidae,Hemiptera_Cicadellidae,Adult,Collected,1,absent,control
2024,8,Unburned,20C,A,2,Hemiptera,Dictyopharidae,Hemiptera_Dictyopharidae,Adult,Collected,1,absent,control
2024,8,Unburned,20C,A,2,Hemiptera,Membracidae,Hemiptera_Membracidae,Nymph,Collected,1,absent,control
2024,8,Unburned,20C,A,2,Hemiptera,Formicidae,Hemiptera_Formicidae,Adult,Collected,1,absent,control
2024,8,Unburned,20C,A,2,Coleoptera,Chrysomelidae,Coleoptera_Chrysomelidae,Adult,Collected,1,absent,control
2024,8,Unburned,20C,A,2,Hemiptera,Reduviidae,Hemiptera_Reduviidae,Nymph,Collected,2,absent,control
2024,8,Unburned,20C,A,2,Coleoptera,Curculionidae,Coleoptera_Curculionidae,Adult,Collected,1,absent,control
2024,8,Unburned,20C,A,2,Araneae,Thomisidae,Araneae_Thomisidae,Adult,Collected,1,absent,control
2024,8,Unburned,20C,A,2,Hymenoptera,Braconidae,Hymenoptera_Braconidae,Adult,Collected,1,absent,control
2024,8,Unburned,20C,A,2,Diptera,Scathophagidae,Diptera_Scathophagidae,Adult,Collected,1,absent,control
2024,8,Unburned,20B,E,3,Hemiptera,Cicadellidae,Hemiptera_Cicadellidae,Adult,Collected,4,absent,carbon
2024,8,Unburned,20B,E,3,Hemiptera,Tingidae,Hemiptera_Tingidae,Adult,Collected,1,absent,carbon
2024,8,Unburned,20B,E,3,Orthoptera,Acrididae,Orthoptera_Acrididae,Nymph,Collected,1,absent,carbon
2024,8,Unburned,20B,E,3,Araneae,Lycosidae,Araneae_Lycosidae,Adult,Collected,1,absent,carbon
2024,8,Unburned,20B,E,3,Hemiptera,Miridae,Hemiptera_Miridae,Adult,Collected,1,absent,carbon
2024,8,Unburned,20B,E,3,Hymenoptera,Formicidae,Hymenoptera_Formicidae,Adult,Collected,2,absent,carbon
2024,8,Unburned,20B,E,3,Thysanoptera,Aeolothripidae,Thysanoptera_Aeolothripidae,Adult,Collected,1,absent,carbon
2024,8,Unburned,20B,E,3,Hymenoptera,Platygastridae,Hymenoptera_Platygastridae,Adult,Collected,3,absent,carbon
2024,8,Unburned,20B,E,3,Diptera,Sphaeroceridae,Diptera_Sphaeroceridae,Adult,Collected,2,absent,carbon
2024,8,Unburned,20B,E,3,Orthoptera,Acrididae,Orthoptera_Acrididae,Adult,Observed,1,absent,carbon
2024,8,Annual,1D,C,4,Orthoptera,Acrididae,Orthoptera_Acrididae,Adult,Collected,2,present,nitrogen
2024,8,Annual,1D,C,4,Orthoptera,Acrididae,Orthoptera_Acrididae,Adult,Observed,4,present,nitrogen
2024,8,Annual,1D,C,4,Coleoptera,Chrysomelidae,Coleoptera_Chrysomelidae,Adult,Collected,3,present,nitrogen
2024,8,Annual,1D,C,4,Hemiptera,Cicadellidae,Hemiptera_Cicadellidae,Adult,Collected,11,present,nitrogen
2024,8,Annual,1D,C,4,Hymenoptera,Platygastridae,Hymenoptera_Platygastridae,Adult,Collected,5,present,nitrogen
2024,8,Annual,1D,C,4,Diptera,Sepsidae,Diptera_Sepsidae,Adult,Collected,2,present,nitrogen
2024,8,Annual,1D,C,4,Araneae,Salticidae,Araneae_Salticidae,Adult,Collected,2,present,nitrogen
2024,8,Annual,1D,C,4,Hymenoptera,Formicidae,Hymenoptera_Formicidae,Adult,Collected,1,present,nitrogen
2024,8,Annual,1D,C,4,Hymenoptera,Braconidae,Hymenoptera_Braconidae,Adult,Collected,1,present,nitrogen
2024,8,Annual,1D,C,4,Coleoptera,Chrysomelidae,Coleoptera_Chrysomelidae,Nymph,Collected,2,present,nitrogen
2024,8,Annual,1D,C,4,Hemiptera,Caliscelidae,Hemiptera_Caliscelidae,Adult,Collected,1,present,nitrogen
2024,8,Annual,1D,C,4,Hemiptera,Cixiidae,Hemiptera_Cixiidae,Adult,Collected,3,present,nitrogen
2024,8,Annual,1D,C,4,Hemiptera,Membracidae,Hemiptera_Membracidae,Nymph,Collected,2,present,nitrogen
2024,8,Annual,1D,C,4,Coleoptera,Lampyridae,Coleoptera_Lampyridae,Adult,Collected,1,present,nitrogen
2024,8,Unburned,20C,C,6,Orthoptera,Acrididae,Orthoptera_Acrididae,Adult,Collected,1,present,carbon
2024,8,Unburned,20C,C,6,Hymenoptera,Formicidae,Hymenoptera_Formicidae,Adult,Collected,4,present,carbon
2024,8,Unburned,20C,C,6,Coleoptera,Chrysomelidae,Coleoptera_Chrysomelidae,Adult,Collected,2,present,carbon
2024,8,Unburned,20C,C,6,Hemiptera,Cicadellidae,Hemiptera_Cicadellidae,Nymph,Collected,2,present,carbon
2024,8,Unburned,20C,C,6,Hemiptera,Cicadellidae,Hemiptera_Cicadellidae,Adult,Collected,1,present,carbon
2024,8,Unburned,20C,C,6,Hemiptera,Aphididae,Hemiptera_Aphididae,Adult,Collected,2,present,carbon
2024,8,Unburned,20C,C,6,Araneae,Thomisidae,Araneae_Thomisidae,Adult,Collected,1,present,carbon
2024,8,Unburned,20C,C,6,Diptera,Diastatidae,Diptera_Diastatidae,Adult,Collected,1,present,carbon
2024,8,Unburned,20C,C,1,Orthoptera,Acrididae,Orthoptera_Acrididae,Adult,Observed,3,absent,nitrogen
2024,8,Unburned,20C,C,1,Hemiptera,Reduviidae,Hemiptera_Reduviidae,Nymph,Collected,3,absent,nitrogen
2024,8,Unburned,20C,C,1,Hemiptera,Cicadellidae,Hemiptera_Cicadellidae,Nymph,Collected,7,absent,nitrogen
2024,8,Unburned,20C,C,1,Hemiptera,Cicadellidae,Hemiptera_Cicadellidae,Adult,Collected,1,absent,nitrogen
2024,8,Unburned,20C,C,1,Hemiptera,Aphididae,Hemiptera_Aphididae,Adult,Collected,1,absent,nitrogen
2024,8,Unburned,20C,C,1,Araneae,Salticidae,Araneae_Salticidae,Adult,Collected,1,absent,nitrogen
2024,8,Unburned,20C,C,1,Coleoptera,Curculionidae,Coleoptera_Curculionidae,Adult,Collected,1,absent,nitrogen
2024,8,Unburned,20C,C,1,Hemiptera,Rhopalidae,Hemiptera_Rhopalidae,Adult,Collected,2,absent,nitrogen
2024,8,Unburned,20C,C,1,Hymenoptera,Braconidae,Hymenoptera_Braconidae,Nymph,Collected,1,absent,nitrogen
2024,8,Unburned,20C,C,1,Hemiptera,Cicadellidae,Hemiptera_Cicadellidae,Adult,Collected,1,absent,nitrogen
2024,8,Unburned,20C,C,1,Hymenoptera,Platygastridae,Hymenoptera_Platygastridae,Adult,Collected,1,absent,nitrogen
2024,8,Unburned,20C,C,1,Diptera,Dolichopodidae,Diptera_Dolichopodidae,Adult,Collected,1,absent,nitrogen
2024,8,Unburned,20C,C,1,Araneae,Theridiidae,Araneae_Theridiidae,Adult,Collected,1,absent,nitrogen
2024,8,Unburned,20C,C,1,Diptera,Stratiomyidae,Diptera_Stratiomyidae,Adult,Collected,1,absent,nitrogen
2024,8,Unburned,20B,F,2,Orthoptera,Acrididae,Orthoptera_Acrididae,Adult,Observed,1,present,control
2024,8,Unburned,20B,F,2,Hymenoptera,Formicidae,Hymenoptera_Formicidae,Adult,Collected,2,present,control
2024,8,Unburned,20B,F,2,Hemiptera,Cicadellidae,Hemiptera_Cicadellidae,Adult,Collected,7,present,control
2024,8,Unburned,20B,F,2,Hymenoptera,Platygastridae,Hymenoptera_Platygastridae,Adult,Collected,2,present,control
2024,8,Unburned,20B,F,2,Hymenoptera,Braconidae,Hymenoptera_Braconidae,Adult,Collected,1,present,control
2024,8,Unburned,20B,F,2,Coleoptera,Curculionidae,Coleoptera_Curculionidae,Adult,Collected,1,present,control
2024,8,Unburned,20B,F,2,Hemiptera,Aphididae,Hemiptera_Aphididae,Adult,Collected,3,present,control
2024,8,Unburned,20B,F,2,Araneae,Thomisidae,Araneae_Thomisidae,Adult,Collected,1,present,control
2024,8,Unburned,20B,F,2,Lepidoptera,Unknown,Lepidoptera_Unknown,Nymph,Collected,1,present,control
2024,8,Annual,1D,C,2,Orthoptera,Acrididae,Orthoptera_Acrididae,Adult,Observed,1,absent,control
2024,8,Annual,1D,C,2,Hemiptera,Cixiidae,Hemiptera_Cixiidae,Adult,Collected,1,absent,control
2024,8,Annual,1D,C,2,Orthoptera,Acrididae,Orthoptera_Acrididae,Nymph,Collected,1,absent,control
2024,8,Annual,1D,C,2,Araneae,Thomisidae,Araneae_Thomisidae,Adult,Collected,1,absent,control
2024,8,Annual,1D,C,2,Hemiptera,Cicadellidae,Hemiptera_Cicadellidae,Adult,Collected,3,absent,control
2024,8,Annual,1D,C,2,Hemiptera,Aphididae,Hemiptera_Aphididae,Adult,Collected,1,absent,control
2024,8,Annual,1D,C,2,Hymenoptera,Blissidae,Hymenoptera_Blissidae,Adult,Collected,2,absent,control
2024,8,Annual,1D,C,2,Hymenoptera,Formicidae,Hymenoptera_Formicidae,Adult,Collected,1,absent,control
2024,8,Annual,1D,C,2,Diptera,Asilidae,Diptera_Asilidae,Adult,Collected,1,absent,control
2024,8,Unburned,20B,E,4,Orthoptera,Acrididae,Orthoptera_Acrididae,Adult,Observed,4,present,nitrogen
2024,8,Unburned,20B,E,4,Thysanoptera,Thripidae,Thysanoptera_Thripidae,Adult,Collected,1,present,nitrogen
2024,8,Unburned,20B,E,4,Hemiptera,Cicadellidae,Hemiptera_Cicadellidae,Adult,Collected,3,present,nitrogen
2024,8,Unburned,20B,E,4,Hymenoptera,Platygastridae,Hymenoptera_Platygastridae,Adult,Collected,1,present,nitrogen
2024,8,Unburned,20B,E,4,Coleoptera,Curculionidae,Coleoptera_Curculionidae,Adult,Collected,2,present,nitrogen
2024,8,Unburned,20B,E,4,Hymenoptera,Formicidae,Hymenoptera_Formicidae,Adult,Collected,2,present,nitrogen
2024,8,Unburned,20B,E,4,Hemiptera,Aphididae,Hemiptera_Aphididae,Adult,Collected,1,present,nitrogen
2024,8,Unburned,20B,E,4,Hemiptera,Membracidae,Hemiptera_Membracidae,Nymph,Collected,1,present,nitrogen
2024,8,Unburned,20B,E,4,Diptera,Asilidae,Diptera_Asilidae,Adult,Collected,2,present,nitrogen
2024,8,Unburned,20B,E,4,Coleoptera,Chrysomelidae,Coleoptera_Chrysomelidae,Adult,Collected,2,present,nitrogen
2024,8,Unburned,20B,E,4,Hemiptera,Caliscelidae,Hemiptera_Caliscelidae,Adult,Collected,2,present,nitrogen
2024,8,Unburned,20B,E,4,Hymenoptera,Braconidae,Hymenoptera_Braconidae,Adult,Collected,1,present,nitrogen
2024,8,Unburned,20B,E,4,Lepidoptera,Crambidae,Lepidoptera_Crambidae,Adult,Collected,1,present,nitrogen
2024,8,Annual,1D,C,1,Orthoptera,Acrididae,Orthoptera_Acrididae,Adult,Observed,4,absent,nitrogen
2024,8,Annual,1D,C,1,Hemiptera,Dictyopharidae,Hemiptera_Dictyopharidae,Adult,Collected,1,absent,nitrogen
2024,8,Annual,1D,C,1,Araneae,Salticidae,Araneae_Salticidae,Adult,Collected,1,absent,nitrogen
2024,8,Annual,1D,C,1,Hymenoptera,Blissidae,Hymenoptera_Blissidae,Adult,Collected,1,absent,nitrogen
2024,8,Annual,1D,C,1,Hymenoptera,Formicidae,Hymenoptera_Formicidae,Adult,Collected,2,absent,nitrogen
2024,8,Annual,1D,C,1,Hemiptera,Aphididae,Hemiptera_Aphididae,Adult,Collected,1,absent,nitrogen
2024,8,Annual,1D,C,1,Hemiptera,Membracidae,Hemiptera_Membracidae,Nymph,Collected,2,absent,nitrogen
2024,8,Annual,1D,C,1,Coleoptera,Curculionidae,Coleoptera_Curculionidae,Adult,Collected,1,absent,nitrogen
2024,8,Annual,1D,C,1,Hemiptera,Cicadellidae,Hemiptera_Cicadellidae,Adult,Collected,1,absent,nitrogen
2024,8,Annual,1D,C,1,Hemiptera,Cicadellidae,Hemiptera_Cicadellidae,Nymph,Collected,3,absent,nitrogen
2024,8,Annual,1D,C,1,Coleoptera,Chrysomelidae,Coleoptera_Chrysomelidae,Adult,Collected,3,absent,nitrogen
2024,8,Annual,1D,C,1,Hymenoptera,Ichneumonidae,Hymenoptera_Ichneumonidae,Adult,Collected,1,absent,nitrogen
2024,8,Annual,1D,C,3,Hemiptera,Cicadellidae,Hemiptera_Cicadellidae,Adult,Collected,2,absent,carbon
2024,8,Annual,1D,C,3,Hymenoptera,Formicidae,Hymenoptera_Formicidae,Adult,Collected,5,absent,carbon
2024,8,Annual,1D,C,3,Araneae,Thomisidae,Araneae_Thomisidae,Adult,Collected,1,absent,carbon
2024,8,Annual,1D,C,3,Hymenoptera,Ichneumonidae,Hymenoptera_Ichneumonidae,Adult,Collected,2,absent,carbon
2024,8,Unburned,20C,A,4,Hymenoptera,Formicidae,Hymenoptera_Formicidae,Adult,Collected,7,present,carbon
2024,8,Unburned,20C,A,4,Hemiptera,Cicadellidae,Hemiptera_Cicadellidae,Adult,Collected,3,present,carbon
2024,8,Unburned,20C,A,4,Hemiptera,Dictyopharidae,Hemiptera_Dictyopharidae,Adult,Collected,1,present,carbon
2024,8,Unburned,20C,A,4,Coleoptera,Chrysomelidae,Coleoptera_Chrysomelidae,Adult,Collected,1,present,carbon
2024,8,Unburned,20C,A,4,Hemiptera,Membracidae,Hemiptera_Membracidae,Nymph,Collected,1,present,carbon
2024,8,Unburned,20C,A,4,Araneae,Linyphiidae,Araneae_Linyphiidae,Adult,Collected,1,present,carbon
2024,8,Unburned,20C,A,4,Hymenoptera,Chalcidoidea,Hymenoptera_Chalcidoidea,Adult,Collected,1,present,carbon
2024,8,Unburned,20C,A,4,Hymenoptera,Platygastridae,Hymenoptera_Platygastridae,Adult,Collected,1,present,carbon
2024,8,Unburned,20C,A,4,Orthoptera,Acrididae,Orthoptera_Acrididae,Adult,Observed,1,present,carbon
2024,8,Annual,1D,B,1,Orthoptera,Acrididae,Orthoptera_Acrididae,Adult,Observed,5,present,nitrogen
2024,8,Annual,1D,B,1,Thysanoptera,Aeolothripidae,Thysanoptera_Aeolothripidae,Adult,Collected,7,present,nitrogen
2024,8,Annual,1D,B,1,Thysanoptera,Thripidae,Thysanoptera_Thripidae,Adult,Collected,2,present,nitrogen
2024,8,Annual,1D,B,1,Hemiptera,Blissidae,Hemiptera_Blissidae,Adult,Collected,2,present,nitrogen
2024,8,Annual,1D,B,1,Hemiptera,Cicadellidae,Hemiptera_Cicadellidae,Adult,Collected,3,present,nitrogen
2024,8,Annual,1D,B,1,Hemiptera,Reduviidae,Hemiptera_Reduviidae,Nymph,Collected,1,present,nitrogen
2024,8,Annual,1D,B,1,Hymenoptera,Formicidae,Hymenoptera_Formicidae,Adult,Collected,5,present,nitrogen
2024,8,Annual,1D,B,1,Hemiptera,Aphididae,Hemiptera_Aphididae,Adult,Collected,3,present,nitrogen
2024,8,Annual,1D,B,1,Coleoptera,Curculionidae,Coleoptera_Curculionidae,Adult,Collected,1,present,nitrogen
2024,8,Annual,1D,B,1,Hemiptera,Membracidae,Hemiptera_Membracidae,Nymph,Collected,1,present,nitrogen
2024,8,Annual,1D,B,1,Hymenoptera,Braconidae,Hymenoptera_Braconidae,Adult,Collected,1,present,nitrogen
2024,8,Annual,1D,B,1,Diptera,Tephritidae,Diptera_Tephritidae,Adult,Collected,1,present,nitrogen
2024,8,Annual,1D,B,1,Phasmatodea,Diapheromeridae,Phasmatodea_Diapheromeridae,Adult,Collected,1,present,nitrogen
2024,8,Annual,1D,A,4,Orthoptera,Acrididae,Orthoptera_Acrididae,Adult,Observed,3,absent,nitrogen
2024,8,Annual,1D,A,4,Orthoptera,Acrididae,Orthoptera_Acrididae,Adult,Collected,2,absent,nitrogen
2024,8,Annual,1D,A,4,Hemiptera,Acanaloniidae,Hemiptera_Acanaloniidae,Adult,Collected,2,absent,nitrogen
2024,8,Annual,1D,A,4,Hymenoptera,Encrytidae,Hymenoptera_Encrytidae,Adult,Collected,1,absent,nitrogen
2024,8,Annual,1D,A,4,Hemiptera,Blissidae,Hemiptera_Blissidae,Adult,Collected,1,absent,nitrogen
2024,8,Annual,1D,A,4,Coleoptera,Curculionidae,Coleoptera_Curculionidae,Adult,Collected,2,absent,nitrogen
2024,8,Annual,1D,A,4,Hemiptera,Cicadellidae,Hemiptera_Cicadellidae,Adult,Collected,3,absent,nitrogen
2024,8,Annual,1D,A,4,Hemiptera,Cixiidae,Hemiptera_Cixiidae,Adult,Collected,1,absent,nitrogen
2024,8,Annual,1D,A,4,Hemiptera,Nabidae,Hemiptera_Nabidae,Adult,Collected,1,absent,nitrogen
2024,8,Annual,1D,A,4,Hemiptera,Alydidae,Hemiptera_Alydidae,Adult,Collected,1,absent,nitrogen
2024,8,Annual,1D,A,4,Diptera,Asilidae,Diptera_Asilidae,Adult,Collected,1,absent,nitrogen
2024,8,Annual,1D,A,4,Hymenoptera,Platygastridae,Hymenoptera_Platygastridae,Adult,Collected,1,absent,nitrogen
2024,8,Annual,1D,A,4,Diptera,Chloropidae,Diptera_Chloropidae,Adult,Collected,1,absent,nitrogen
2024,8,Unburned,20C,B,2,Orthoptera,Acrididae,Orthoptera_Acrididae,Adult,Observed,3,present,control
2024,8,Unburned,20C,B,2,Hemiptera,Dictyopharidae,Hemiptera_Dictyopharidae,Adult,Collected,1,present,control
2024,8,Unburned,20C,B,2,Hemiptera,Cicadellidae,Hemiptera_Cicadellidae,Adult,Collected,2,present,control
2024,8,Unburned,20C,B,2,Coleoptera,Chrysomelidae,Coleoptera_Chrysomelidae,Adult,Collected,1,present,control
2024,8,Unburned,20C,B,2,Hymenoptera,Formicidae,Hymenoptera_Formicidae,Adult,Collected,3,present,control
2024,8,Unburned,20C,B,2,Hymenoptera,Platygastridae,Hymenoptera_Platygastridae,Adult,Collected,1,present,control
2024,8,Unburned,20C,B,2,Hymenoptera,Braconidae,Hymenoptera_Braconidae,Adult,Collected,1,present,control
2024,8,Unburned,20C,B,2,Araneae,Salticidae,Araneae_Salticidae,Adult,Collected,1,present,control
2024,8,Unburned,20C,B,2,Hemiptera,Aphididae,Hemiptera_Aphididae,Adult,Collected,1,present,control
2024,8,Unburned,20C,B,2,Orthoptera,Gryllidae,Orthoptera_Gryllidae,Adult,Collected,1,present,control
2024,8,Unburned,20C,B,2,Orthoptera,Gryllidae,Orthoptera_Gryllidae,Nymph,Collected,1,present,control
2024,8,Unburned,20C,B,2,Diptera,Muscidae,Diptera_Muscidae,Adult,Collected,1,present,control
2024,8,Unburned,20C,A,1,Orthoptera,Acrididae,Orthoptera_Acrididae,Adult,Observed,1,absent,carbon
2024,8,Unburned,20C,A,1,Orthoptera,Acrididae,Orthoptera_Acrididae,Adult,Collected,1,absent,carbon
2024,8,Unburned,20C,A,1,Hemiptera,Reduviidae,Hemiptera_Reduviidae,Nymph,Collected,1,absent,carbon
2024,8,Unburned,20C,A,1,Coleoptera,Chrysomelidae,Coleoptera_Chrysomelidae,Adult,Collected,2,absent,carbon
2024,8,Unburned,20C,A,1,Coleoptera,Curculionidae,Coleoptera_Curculionidae,Adult,Collected,1,absent,carbon
2024,8,Unburned,20C,A,1,Hemiptera,Cicadellidae,Hemiptera_Cicadellidae,Nymph,Collected,4,absent,carbon
2024,8,Unburned,20C,A,1,Hemiptera,Cicadellidae,Hemiptera_Cicadellidae,Adult,Collected,2,absent,carbon
2024,8,Unburned,20C,A,1,Hymenoptera,Formicidae,Hymenoptera_Formicidae,Adult,Collected,1,absent,carbon
2024,8,Unburned,20C,A,1,Hemiptera,Cercopidae,Hemiptera_Cercopidae,Adult,Collected,1,absent,carbon
2024,8,Unburned,20C,A,1,Hemiptera,Pentatomidae,Hemiptera_Pentatomidae,Adult,Collected,1,absent,carbon
2024,8,Unburned,20C,B,1,Orthoptera,Acrididae,Orthoptera_Acrididae,Adult,Observed,1,present,carbon
2024,8,Unburned,20C,B,1,Hymenoptera,Formicidae,Hymenoptera_Formicidae,Adult,Collected,4,present,carbon
2024,8,Unburned,20C,B,1,Hemiptera,Cicadellidae,Hemiptera_Cicadellidae,Adult,Collected,2,present,carbon
2024,8,Unburned,20C,B,1,Coleoptera,Curculionidae,Coleoptera_Curculionidae,Adult,Collected,1,present,carbon
2024,8,Unburned,20C,B,1,Hemiptera,Dictyopharidae,Hemiptera_Dictyopharidae,Adult,Collected,1,present,carbon
2024,8,Unburned,20C,B,1,Hemiptera,Membracidae,Hemiptera_Membracidae,Nymph,Collected,2,present,carbon
2024,8,Unburned,20C,B,1,Araneae,Salticidae,Araneae_Salticidae,Adult,Collected,1,present,carbon
2024,8,Unburned,20C,B,1,Coleoptera,Chrysomelidae,Coleoptera_Chrysomelidae,Adult,Collected,1,present,carbon
2024,8,Unburned,20C,B,1,Hymenoptera,Crabronidae,Hymenoptera_Crabronidae,Adult,Collected,1,present,carbon
2024,8,Unburned,20C,B,1,Hymenoptera,Braconidae,Hymenoptera_Braconidae,Adult,Collected,1,present,carbon
2024,8,Unburned,20C,B,1,Diptera,Culicidae,Diptera_Culicidae,Adult,Collected,1,present,carbon
2024,8,Unburned,20C,B,1,Hemiptera,Aphididae,Hemiptera_Aphididae,Adult,Collected,2,present,carbon
2024,8,Unburned,20C,A,5,Orthoptera,Acrididae,Orthoptera_Acrididae,Adult,Observed,2,present,control
2024,8,Unburned,20C,A,5,Thysanoptera,Thripidae,Thysanoptera_Thripidae,Adult,Collected,1,present,control
2024,8,Unburned,20C,A,5,Orthoptera,Gryllidae,Orthoptera_Gryllidae,Adult,Collected,1,present,control
2024,8,Unburned,20C,A,5,Coleoptera,Chrysomelidae,Coleoptera_Chrysomelidae,Adult,Collected,2,present,control
2024,8,Unburned,20C,A,5,Coleoptera,Curculionidae,Coleoptera_Curculionidae,Adult,Collected,1,present,control
2024,8,Unburned,20C,A,5,Hemiptera,Reduviidae,Hemiptera_Reduviidae,Nymph,Collected,1,present,control
2024,8,Unburned,20C,A,5,Coleoptera,Elateridae,Coleoptera_Elateridae,Adult,Collected,1,present,control
2024,8,Unburned,20C,A,5,Hemiptera,Cicadellidae,Hemiptera_Cicadellidae,Adult,Collected,2,present,control
2024,8,Unburned,20C,A,5,Hemiptera,Membracidae,Hemiptera_Membracidae,Adult,Collected,1,present,control
2024,8,Unburned,20C,A,5,Hymenoptera,Formicidae,Hymenoptera_Formicidae,Adult,Collected,3,present,control
2024,8,Unburned,20C,A,5,Hemiptera,Aphididae,Hemiptera_Aphididae,Adult,Collected,1,present,control
2024,8,Annual,1D,A,5,Orthoptera,Acrididae,Orthoptera_Acrididae,Adult,Observed,1,absent,control
2024,8,Annual,1D,A,5,Hemiptera,Dictyopharidae,Hemiptera_Dictyopharidae,Adult,Collected,1,absent,control
2024,8,Annual,1D,A,5,Araneae,Salticidae,Araneae_Salticidae,Adult,Collected,1,absent,control
2024,8,Annual,1D,A,5,Hemiptera,Blissidae,Hemiptera_Blissidae,Adult,Collected,1,absent,control
2024,8,Annual,1D,A,5,Coleoptera,Chrysomelidae,Coleoptera_Chrysomelidae,Adult,Collected,1,absent,control
2024,8,Annual,1D,A,5,Hemiptera,Cicadellidae,Hemiptera_Cicadellidae,Nymph,Collected,5,absent,control
2024,8,Annual,1D,A,5,Hemiptera,Cicadellidae,Hemiptera_Cicadellidae,Adult,Collected,6,absent,control
2024,8,Annual,1D,A,5,Hymenoptera,Formicidae,Hymenoptera_Formicidae,Adult,Collected,1,absent,control
2024,8,Annual,1D,A,5,Hymenoptera,Braconidae,Hymenoptera_Braconidae,Adult,Collected,1,absent,control
2024,8,Annual,1D,A,5,Hymenoptera,Platygastridae,Hymenoptera_Platygastridae,Adult,Collected,2,absent,control
2024,8,Annual,1D,A,5,Araneae,Thomisidae,Araneae_Thomisidae,Nymph,Collected,1,absent,control
2024,8,Annual,1D,A,5,Hymenoptera,Ichneumonidae,Hymenoptera_Ichneumonidae,Adult,Collected,1,absent,control
2024,8,Annual,1D,A,5,Hemiptera,Miridae,Hemiptera_Miridae,Adult,Collected,1,absent,control
2024,8,Annual,1D,A,5,Coleoptera,Curculionidae,Coleoptera_Curculionidae,Adult,Collected,1,absent,control
2024,8,Annual,1D,B,2,Orthoptera,Acrididae,Orthoptera_Acrididae,Adult,Observed,2,present,control
2024,8,Annual,1D,B,2,Orthoptera,Acrididae,Orthoptera_Acrididae,Adult,Collected,1,present,control
2024,8,Annual,1D,B,2,Coleoptera,Chrysomelidae,Coleoptera_Chrysomelidae,Adult,Collected,1,present,control
2024,8,Annual,1D,B,2,Coleoptera,Curculionidae,Coleoptera_Curculionidae,Adult,Collected,2,present,control
2024,8,Annual,1D,B,2,Hemiptera,Cicadellidae,Hemiptera_Cicadellidae,Adult,Collected,5,present,control
2024,8,Annual,1D,B,2,Hemiptera,Cicadellidae,Hemiptera_Cicadellidae,Nymph,Collected,1,present,control
2024,8,Annual,1D,B,2,Hymenoptera,Ichneumonidae,Hymenoptera_Ichneumonidae,Adult,Collected,1,present,control
2024,8,Annual,1D,B,2,Hemiptera,Cercopidae,Hemiptera_Cercopidae,Adult,Collected,1,present,control
2024,8,Annual,1D,B,2,Hemiptera,Cercopidae,Hemiptera_Cercopidae,Nymph,Collected,1,present,control
2024,8,Annual,1D,B,2,Hemiptera,Tingidae,Hemiptera_Tingidae,Adult,Collected,5,present,control
2024,8,Annual,1D,B,2,Hymenoptera,Braconidae,Hymenoptera_Braconidae,Adult,Collected,1,present,control
2024,8,Annual,1D,B,2,Coleoptera,Staphylinidae,Coleoptera_Staphylinidae,Adult,Collected,1,present,control
2024,8,Annual,1D,B,2,Lepidoptera,Crambidae,Lepidoptera_Crambidae,Adult,Collected,1,present,control
2024,8,Annual,1D,C,6,Hymenoptera,Formicidae,Hymenoptera_Formicidae,Adult,Collected,1,present,carbon
2024,8,Annual,1D,C,6,Hemiptera,Cicadellidae,Hemiptera_Cicadellidae,Adult,Collected,4,present,carbon
2024,8,Annual,1D,C,6,Coleoptera,Curculionidae,Coleoptera_Curculionidae,Adult,Collected,2,present,carbon
2024,8,Annual,1D,C,6,Hemiptera,Membracidae,Hemiptera_Membracidae,Nymph,Collected,1,present,carbon
2024,8,Annual,1D,C,6,Hemiptera,Dictyopharidae,Hemiptera_Dictyopharidae,Adult,Collected,1,present,carbon
2024,8,Annual,1D,C,6,Hemiptera,Miridae,Hemiptera_Miridae,Adult,Collected,1,present,carbon
2024,8,Annual,1D,C,6,Araneae,Salticidae,Araneae_Salticidae,Adult,Collected,1,present,carbon
2024,8,Annual,1D,C,6,Coleoptera,Latridiidae,Coleoptera_Latridiidae,Adult,Collected,2,present,carbon
2024,8,Annual,1D,C,6,Hymenoptera,Chalcididae,Hymenoptera_Chalcididae,Adult,Collected,3,present,carbon
2024,8,Annual,1D,C,6,Hymenoptera,Platygastridae,Hymenoptera_Platygastridae,Adult,Collected,1,present,carbon
2024,8,Annual,1D,A,2,Orthoptera,Acrididae,Orthoptera_Acrididae,Adult,Observed,2,present,control
2024,8,Annual,1D,A,2,Hemiptera,Membracidae,Hemiptera_Membracidae,Nymph,Collected,1,present,control
2024,8,Annual,1D,A,2,Araneae,Salticidae,Araneae_Salticidae,Adult,Collected,1,present,control
2024,8,Annual,1D,A,2,Hemiptera,Cicadellidae,Hemiptera_Cicadellidae,Adult,Collected,5,present,control
2024,8,Annual,1D,A,2,Hymenoptera,Formicidae,Hymenoptera_Formicidae,Adult,Collected,2,present,control
2024,8,Annual,1D,A,2,Hemiptera,Blissidae,Hemiptera_Blissidae,Adult,Collected,1,present,control
2024,8,Annual,1D,A,2,Lepidoptera,Crambidae,Lepidoptera_Crambidae,Adult,Collected,1,present,control
2024,8,Annual,1D,A,2,orthoptera,Gryllidae,Orthoptera_Gryllidae,Adult,Collected,1,present,control
2024,8,Annual,1D,A,2,Thysanoptera,Aeolothripidae,Thysanoptera_Aelothripidae,Adult,Collected,3,present,control
2024,8,Annual,1D,A,2,Hemiptera,Delphacidae,Hemiptera_Delphacidae,Adult,Collected,1,present,control
2024,8,Annual,1D,A,2,Hemiptera,Caliscelidae,Hemiptera_Caliscelidae,Adult,Collected,1,present,control
2024,8,Annual,1D,A,2,Diptera,Asilidae,Diptera_Asilidae,Adult,Collected,1,present,control
2024,8,Annual,1D,A,2,Diptera,Sepsidae,Diptera_Sepsidae,Adult,Collected,1,present,control
2024,8,Annual,1D,A,2,Diptera,Tipulidae,Diptera_Tipulidae,Adult,Collected,1,present,control
2024,8,Annual,1D,A,2,Hymenoptera,Encrytidae,Hymenoptera_Encrytidae,Adult,Collected,1,present,control
2024,8,Annual,1D,B,6,Orthoptera,Acrididae,Orthoptera_Acrididae,Adult,Observed,3,absent,carbon
2024,8,Annual,1D,B,6,Hymenoptera,Formicidae,Hymenoptera_Formicidae,Adult,Collected,5,absent,carbon
2024,8,Annual,1D,B,6,Coleoptera,Chrysomelidae,Coleoptera_Chrysomelidae,Adult,Collected,1,absent,carbon
2024,8,Annual,1D,B,6,Hemiptera,Cicadellidae,Hemiptera_Cicadellidae,Adult,Collected,3,absent,carbon
2024,8,Annual,1D,B,6,Hemiptera,Cicadellidae,Hemiptera_Cicadellidae,Nymph,Collected,1,absent,carbon
2024,8,Annual,1D,B,6,Araneae,Thomisidae,Araneae_Thomisidae,Adult,Collected,1,absent,carbon
2024,8,Annual,1D,B,6,Araneae,Salticidae,Araneae_Salticidae,Adult,Collected,1,absent,carbon
2024,8,Annual,1D,B,6,Hymenoptera,Braconidae,Hymenoptera_Braconidae,Adult,Collected,1,absent,carbon
2024,8,Annual,1D,B,6,Diptera,Sepsidae,Diptera_Sepsidae,Adult,Collected,1,absent,carbon
2024,8,Annual,1D,B,6,Hemiptera,Aphididae,Hemiptera_Aphididae,Adult,Collected,1,absent,carbon
2024,8,Annual,1D,A,3,Orthoptera,Acrididae,Orthoptera_Acrididae,Adult,Observed,1,present,carbon
2024,8,Annual,1D,A,3,Orthoptera,Acrididae,Orthoptera_Acrididae,Adult,Collected,1,present,carbon
2024,8,Annual,1D,A,3,Hemiptera,Dictyopharidae,Hemiptera_Dictyopharidae,Adult,Collected,2,present,carbon
2024,8,Annual,1D,A,3,Hemiptera,Blissidae,Hemiptera_Blissidae,Adult,Collected,1,present,carbon
2024,8,Annual,1D,A,3,Hemiptera,Cicadellidae,Hemiptera_Cicadellidae,Adult,Collected,3,present,carbon
2024,8,Annual,1D,A,3,Hemiptera,Cicadellidae,Hemiptera_Cicadellidae,Nymph,Collected,3,present,carbon
2024,8,Annual,1D,A,3,Hymenoptera,Formicidae,Hymenoptera_Formicidae,Adult,Collected,1,present,carbon
2024,8,Annual,1D,A,3,Araneae,Salticidae,Araneae_Salticidae,Adult,Collected,1,present,carbon
2024,8,Annual,1D,A,3,Hymenoptera,Platygastridae,Hymenoptera_Platygastridae,Adult,Collected,1,present,carbon
2024,8,Annual,1D,A,3,Lepidoptera,Tingidae,Lepidoptera_Tingidae,Adult,Collected,1,present,carbon
2024,8,Annual,1D,A,3,Hymenoptera,Chalcididae,Hymenoptera_Chalcididae,Adult,Collected,1,present,carbon
2024,8,Annual,1D,A,3,Hemiptera,Membracidae,Hemiptera_Membracidae,Nymph,Collected,1,present,carbon
2024,8,Annual,1D,A,6,Hemiptera,Reduviidae,Hemiptera_Reduviidae,Adult,Collected,1,absent,carbon
2024,8,Annual,1D,A,6,Hemiptera,Reduviidae,Hemiptera_Reduviidae,Nymph,Collected,1,absent,carbon
2024,8,Annual,1D,A,6,Hymenoptera,Formicidae,Hymenoptera_Formicidae,Adult,Collected,4,absent,carbon
2024,8,Annual,1D,A,6,Hemiptera,Cicadellidae,Hemiptera_Cicadellidae,Adult,Collected,1,absent,carbon
2024,8,Annual,1D,A,6,Hemiptera,Blissidae,Hemiptera_Blissidae,Adult,Collected,1,absent,carbon
2024,8,Annual,1D,A,6,Araneae,Thomisidae,Araneae_Thomisidae,Adult,Collected,1,absent,carbon
2024,8,Annual,1D,A,6,Coleoptera,Chrysomelidae,Coleoptera_Chrysomelidae,Nymph,Collected,1,absent,carbon
2024,8,Annual,1D,A,6,Hemiptera,Cicadellidae,Hemiptera_Cicadellidae,Nymph,Collected,3,absent,carbon
2024,8,Annual,1D,A,6,Hymenoptera,Braconidae,Hymenoptera_Braconidae,Adult,Collected,1,absent,carbon
2024,8,Annual,1D,A,6,Araneae,Salticidae,Araneae_Salticidae,Adult,Collected,1,absent,carbon
2024,8,Annual,1D,A,6,Diptera,Phoridae,Diptera_Phoridae,Adult,Collected,1,absent,carbon
2024,8,Annual,1D,A,6,Coleoptera,Curculionidae,Coleoptera_Curculionidae,Adult,Collected,1,absent,carbon
2024,8,Annual,1D,B,5,Orthoptera,Acrididae,Orthoptera_Acrididae,Adult,Observed,2,absent,control
2024,8,Annual,1D,B,5,Hemiptera,Membracidae,Hemiptera_Membracidae,Nymph,Collected,2,absent,control
2024,8,Annual,1D,B,5,Coleoptera,Chrysomelidae,Coleoptera_Chrysomelidae,Nymph,Collected,1,absent,control
2024,8,Annual,1D,B,5,Hemiptera,Dictyopharidae,Hemiptera_Dictyopharidae,Adult,Collected,3,absent,control
2024,8,Annual,1D,B,5,Hemiptera,Cicadellidae,Hemiptera_Cicadellidae,Nymph,Collected,1,absent,control
2024,8,Annual,1D,B,5,Hemiptera,Cicadellidae,Hemiptera_Cicadellidae,Adult,Collected,3,absent,control
2024,8,Annual,1D,B,3,Orthoptera,Acrididae,Orthoptera_Acrididae,Adult,Observed,2,present,carbon
2024,8,Annual,1D,B,3,Orthoptera,Acrididae,Orthoptera_Acrididae,Nymph,Collected,2,present,carbon
2024,8,Annual,1D,B,3,Hemiptera,Dictyopharidae,Hemiptera_Dictyopharidae,Adult,Collected,2,present,carbon
2024,8,Annual,1D,B,3,Coleoptera,Chrysomelidae,Coleoptera_Chrysomelidae,Adult,Collected,1,present,carbon
2024,8,Annual,1D,B,3,Coleoptera,Curculionidae,Coleoptera_Curculionidae,Adult,Collected,3,present,carbon
2024,8,Annual,1D,B,3,Hymenoptera,Formicidae,Hymenoptera_Formicidae,Adult,Collected,1,present,carbon
2024,8,Annual,1D,B,3,Araneae,Thomisidae,Araneae_Thomisidae,Adult,Collected,2,present,carbon
2024,8,Annual,1D,B,3,Hemiptera,Reduviidae,Hemiptera_Reduviidae,Nymph,Collected,1,present,carbon
2024,8,Annual,1D,B,3,Hemiptera,Cicadellidae,Hemiptera_Cicadellidae,Nymph,Collected,2,present,carbon
2024,8,Annual,1D,B,4,Orthoptera,Acrididae,Orthoptera_Acrididae,Adult,Observed,4,absent,nitrogen
2024,8,Annual,1D,B,4,Orthoptera,Acrididae,Orthoptera_Acrididae,Nymph,Collected,1,absent,nitrogen
2024,8,Annual,1D,B,4,Coleoptera,Chrysomelidae,Coleoptera_Chrysomelidae,Adult,Collected,1,absent,nitrogen
2024,8,Annual,1D,B,4,Coleoptera,Curculionidae,Coleoptera_Curculionidae,Adult,Collected,1,absent,nitrogen
2024,8,Annual,1D,B,4,Araneae,Salticidae,Araneae_Salticidae,Adult,Collected,1,absent,nitrogen
2024,8,Annual,1D,B,4,Hemiptera,Reduviidae,Hemiptera_Reduviidae,Nymph,Collected,1,absent,nitrogen
2024,8,Annual,1D,B,4,Hemiptera,Membracidae,Hemiptera_Membracidae,Nymph,Collected,1,absent,nitrogen
2024,8,Annual,1D,B,4,Hemiptera,Blissidae,Hemiptera_Blissidae,Adult,Collected,1,absent,nitrogen
2024,8,Annual,1D,B,4,Hemiptera,Cicadellidae,Hemiptera_Cicadellidae,Adult,Collected,4,absent,nitrogen
2024,8,Annual,1D,B,4,Hemiptera,Dictyopharidae,Hemiptera_Dictyopharidae,Adult,Collected,1,absent,nitrogen
2024,8,Annual,1D,B,4,Hymenoptera,Platygastridae,Hymenoptera_Platygastridae,Adult,Collected,3,absent,nitrogen
2024,8,Annual,1D,B,4,Hymenoptera,Encrytidae,Hymenoptera_Encrytidae,Adult,Collected,1,absent,nitrogen
2024,8,Annual,1D,B,4,Hemiptera,Aphididae,Hemiptera_Aphididae,Adult,Collected,3,absent,nitrogen
2024,8,Annual,1D,A,1,Orthoptera,Acrididae,Orthoptera_Acrididae,Adult,Observed,3,present,nitrogen
2024,8,Annual,1D,A,1,Orthoptera,Acrididae,Orthoptera_Acrididae,Adult,Collected,2,present,nitrogen
2024,8,Annual,1D,A,1,Hymenoptera,Formicidae,Hymenoptera_Formicidae,Adult,Collected,3,present,nitrogen
2024,8,Annual,1D,A,1,Hemiptera,Cicadellidae,Hemiptera_Cicadellidae,Adult,Collected,4,present,nitrogen
2024,8,Annual,1D,A,1,Coleoptera,Chrysomelidae,Coleoptera_Chrysomelidae,Adult,Collected,1,present,nitrogen
2024,8,Annual,1D,A,1,Araneae,Linyphiidae,Araneae_Linyphiidae,Adult,Collected,1,present,nitrogen
2024,8,Annual,1D,A,1,Hemiptera,Delphacidae,Hemiptera_Delphacidae,Adult,Collected,1,present,nitrogen
2024,8,Annual,1D,A,1,Hemiptera,Dictyopharidae,Hemiptera_Dictyopharidae,Adult,Collected,2,present,nitrogen
2024,8,Annual,1D,A,1,Hemiptera,Nabidae,Hemiptera_Nabidae,Adult,Collected,1,present,nitrogen
2024,8,Annual,1D,A,1,Hemiptera,Delphacidae,Hemiptera_Delphacidae,Nymph,Collected,1,present,nitrogen
2024,8,Annual,1D,A,1,Hymenoptera,Platygastridae,Hymenoptera_Platygastridae,Adult,Collected,1,present,nitrogen
2024,8,Annual,1D,A,1,Hymenoptera,Eurytomidae,Hymenoptera_Eurytomide,Adult,Collected,1,present,nitrogen
2024,8,Annual,1D,A,1,Hemiptera,Fulgoridae,Hemiptera_Fulgoridae,Adult,Collected,1,present,nitrogen
